frame,cx,cy,radius,red_x,red_y,blue_x,blue_y
0,312,192,37,325,210,-1,-1
1,312,192,36,328,211,-1,-1
2,312,192,37,331,213,-1,-1
3,312,192,37,332,213,-1,-1
4,312,192,37,333,214,-1,-1
5,312,192,37,-1,-1,-1,-1
6,311,191,38,-1,-1,-1,-1
7,311,191,38,-1,-1,-1,-1
8,311,191,38,-1,-1,-1,-1
9,312,192,37,-1,-1,-1,-1
10,312,192,37,-1,-1,-1,-1
11,312,192,37,-1,-1,-1,-1
12,312,191,37,-1,-1,-1,-1
13,312,192,37,-1,-1,-1,-1
14,312,192,37,-1,-1,282,200
15,311,191,38,-1,-1,283,204
16,312,191,38,-1,-1,-1,-1
17,312,190,36,-1,-1,-1,-1
18,312,191,38,-1,-1,-1,-1
19,312,191,38,-1,-1,-1,-1
20,312,190,38,-1,-1,-1,-1
21,312,191,37,-1,-1,-1,-1
22,312,190,38,331,164,-1,-1
23,312,191,37,328,165,-1,-1
24,312,191,38,327,165,-1,-1
25,312,191,37,324,166,-1,-1
26,312,190,37,322,167,-1,-1
27,311,191,38,320,169,-1,-1
28,312,190,37,318,172,-1,-1
29,312,190,37,317,176,-1,-1
30,312,190,37,316,180,-1,-1
31,312,190,38,316,184,-1,-1
32,312,190,37,316,188,-1,-1
33,312,190,37,317,192,-1,-1
34,312,190,38,318,196,-1,-1
35,312,190,37,319,200,-1,-1
36,312,190,37,321,203,-1,-1
37,312,190,36,323,206,-1,-1
38,312,190,38,325,209,-1,-1
39,312,190,38,327,210,-1,-1
40,312,190,37,331,212,-1,-1
41,312,190,37,332,212,-1,-1
42,312,190,38,337,210,-1,-1
43,312,190,37,-1,-1,-1,-1
44,312,190,38,-1,-1,-1,-1
45,312,190,38,-1,-1,-1,-1
46,312,190,36,-1,-1,-1,-1
47,312,190,38,-1,-1,-1,-1
48,312,190,36,-1,-1,-1,-1
49,312,190,38,-1,-1,-1,-1
50,312,190,36,-1,-1,-1,-1
51,312,190,38,-1,-1,280,192
52,312,190,36,-1,-1,-1,-1
53,312,190,38,-1,-1,-1,-1
54,312,190,36,-1,-1,-1,-1
55,312,190,36,-1,-1,-1,-1
56,312,190,37,-1,-1,-1,-1
57,313,190,37,-1,-1,-1,-1
58,314,191,36,-1,-1,-1,-1
59,313,189,38,-1,-1,-1,-1
60,312,189,38,-1,-1,-1,-1
61,312,189,38,329,163,-1,-1
62,312,189,38,326,162,-1,-1
63,313,189,38,323,163,-1,-1
64,312,189,38,321,165,-1,-1
65,312,189,38,319,168,-1,-1
66,312,189,38,318,171,-1,-1
67,312,189,38,316,174,-1,-1
68,312,188,36,316,178,-1,-1
69,313,190,37,315,182,-1,-1
70,312,188,36,316,191,-1,-1
71,313,189,38,317,194,-1,-1
72,312,188,36,318,198,-1,-1
73,312,190,37,320,202,-1,-1
74,312,190,37,322,204,-1,-1
75,312,188,37,324,207,-1,-1
76,312,190,37,327,209,-1,-1
77,312,189,38,330,210,-1,-1
78,312,189,38,332,211,-1,-1
79,313,189,38,335,212,-1,-1
80,313,189,38,339,209,-1,-1
81,312,190,37,-1,-1,-1,-1
82,312,190,37,-1,-1,-1,-1
83,312,190,37,-1,-1,-1,-1
84,314,188,36,-1,-1,-1,-1
85,313,188,37,-1,-1,-1,-1
86,314,190,38,-1,-1,-1,-1
87,313,189,38,-1,-1,-1,-1
88,314,188,37,-1,-1,-1,-1
89,314,188,36,-1,-1,-1,-1
90,314,188,36,-1,-1,-1,-1
91,314,188,37,-1,-1,-1,-1
92,313,188,36,-1,-1,-1,-1
93,313,189,38,-1,-1,-1,-1
94,313,188,36,-1,-1,-1,-1
95,313,188,36,-1,-1,-1,-1
96,313,189,38,-1,-1,-1,-1
97,314,188,38,332,161,-1,-1
98,314,188,37,329,161,-1,-1
99,314,189,37,326,161,-1,-1
100,314,188,37,324,162,-1,-1
101,314,188,37,321,164,-1,-1
102,314,188,37,319,166,-1,-1
103,314,188,37,317,168,-1,-1
104,314,188,37,315,171,-1,-1
105,314,188,37,314,174,-1,-1
106,313,188,37,313,179,-1,-1
107,314,188,37,313,183,-1,-1
108,314,188,37,313,187,-1,-1
109,313,188,36,314,191,-1,-1
110,313,189,38,315,195,-1,-1
111,313,189,38,317,199,-1,-1
112,313,189,38,319,203,-1,-1
113,313,188,36,321,205,-1,-1
114,313,189,38,323,208,-1,-1
115,313,189,38,326,210,-1,-1
116,313,189,38,329,211,-1,-1
117,314,190,37,333,212,-1,-1
118,313,189,38,335,212,-1,-1
119,313,189,38,337,210,-1,-1
120,312,190,37,-1,-1,-1,-1
121,313,189,38,-1,-1,-1,-1
122,314,190,37,-1,-1,-1,-1
123,314,188,37,-1,-1,-1,-1
124,314,190,37,-1,-1,-1,-1
125,314,190,37,-1,-1,-1,-1
126,314,190,37,-1,-1,-1,-1
127,314,190,37,-1,-1,-1,-1
128,313,190,37,-1,-1,-1,-1
129,314,190,37,-1,-1,-1,-1
130,313,190,37,-1,-1,-1,-1
131,314,190,37,-1,-1,-1,-1
132,313,190,37,-1,-1,-1,-1
133,313,190,37,-1,-1,-1,-1
134,313,189,38,-1,-1,-1,-1
135,313,189,38,-1,-1,-1,-1
136,313,189,38,330,162,-1,-1
137,313,189,38,327,162,-1,-1
138,312,188,38,325,161,-1,-1
139,313,190,37,322,163,-1,-1
140,313,190,37,318,165,-1,-1
141,312,190,37,316,167,-1,-1
142,312,189,38,314,170,-1,-1
143,313,190,37,312,173,-1,-1
144,312,190,37,311,177,-1,-1
145,313,190,38,310,181,-1,-1
146,311,190,36,310,185,-1,-1
147,313,190,38,310,190,-1,-1
148,312,190,36,311,194,-1,-1
149,312,190,36,312,198,-1,-1
150,312,190,36,314,202,-1,-1
151,312,190,38,317,205,-1,-1
152,312,190,37,319,208,-1,-1
153,312,190,37,322,210,-1,-1
154,312,190,37,325,212,-1,-1
155,313,191,38,328,213,-1,-1
156,312,190,37,330,213,-1,-1
157,312,190,38,332,213,-1,-1
158,312,190,36,-1,-1,-1,-1
159,312,190,36,-1,-1,-1,-1
160,312,190,37,-1,-1,-1,-1
161,312,190,36,-1,-1,-1,-1
162,312,190,37,-1,-1,-1,-1
163,312,191,38,-1,-1,-1,-1
164,312,190,36,-1,-1,-1,-1
165,312,191,38,-1,-1,-1,-1
166,312,190,36,-1,-1,-1,-1
167,311,191,38,-1,-1,-1,-1
168,312,190,37,-1,-1,-1,-1
169,312,191,38,-1,-1,-1,-1
170,312,190,36,-1,-1,-1,-1
171,312,190,36,-1,-1,-1,-1
172,312,191,38,-1,-1,-1,-1
173,312,191,38,-1,-1,-1,-1
174,312,191,38,-1,-1,-1,-1
175,311,191,38,328,164,-1,-1
176,311,191,38,325,163,-1,-1
177,311,191,38,322,163,-1,-1
178,312,191,38,319,164,-1,-1
179,311,191,38,316,166,-1,-1
180,311,191,38,313,169,-1,-1
181,311,191,38,311,172,-1,-1
182,311,191,38,310,175,-1,-1
183,312,191,38,308,179,-1,-1
184,311,191,37,307,183,-1,-1
185,311,191,38,308,192,-1,-1
186,311,192,37,309,196,-1,-1
187,312,192,37,312,204,-1,-1
188,312,192,37,315,208,-1,-1
189,312,192,37,317,210,-1,-1
190,312,192,37,320,212,-1,-1
191,312,192,37,323,214,-1,-1
192,311,192,37,327,214,-1,-1
193,311,191,38,330,215,-1,-1
194,311,191,38,333,214,-1,-1
195,309,192,36,-1,-1,-1,-1
196,312,193,37,-1,-1,-1,-1
197,312,192,37,-1,-1,-1,-1
198,312,190,36,-1,-1,-1,-1
199,312,190,36,-1,-1,-1,-1
200,312,192,36,-1,-1,-1,-1
201,311,192,38,-1,-1,-1,-1
202,310,193,38,-1,-1,-1,-1
203,312,192,36,-1,-1,-1,-1
204,312,192,36,-1,-1,-1,-1
205,312,192,36,-1,-1,-1,-1
206,311,192,38,-1,-1,-1,-1
207,312,193,38,-1,-1,-1,-1
208,311,191,38,-1,-1,-1,-1
209,312,191,37,-1,-1,-1,-1
210,311,192,38,-1,-1,-1,-1
211,311,192,37,-1,-1,-1,-1
212,312,192,37,326,164,-1,-1
213,311,192,37,322,163,-1,-1
214,311,192,37,320,164,-1,-1
215,311,192,37,317,165,-1,-1
216,311,192,37,314,167,-1,-1
217,311,192,37,311,169,-1,-1
218,311,192,37,309,173,-1,-1
219,311,192,37,307,176,-1,-1
220,311,192,37,306,180,-1,-1
221,311,192,37,306,184,-1,-1
222,311,192,37,306,188,-1,-1
223,311,192,37,306,193,-1,-1
224,310,192,38,307,197,-1,-1
225,312,192,36,308,202,-1,-1
226,312,192,36,310,205,-1,-1
227,310,192,37,313,208,-1,-1
228,312,192,36,316,211,-1,-1
229,312,192,36,320,212,-1,-1
230,311,193,38,322,214,-1,-1
231,311,192,37,326,215,-1,-1
232,311,192,37,328,216,-1,-1
233,311,192,38,332,215,-1,-1
234,310,192,37,-1,-1,-1,-1
235,311,192,38,-1,-1,-1,-1
236,311,192,38,-1,-1,-1,-1
237,311,192,38,-1,-1,-1,-1
238,311,192,38,-1,-1,-1,-1
239,311,192,38,-1,-1,-1,-1
240,312,193,37,-1,-1,-1,-1
241,312,192,38,-1,-1,-1,-1
242,312,192,37,-1,-1,-1,-1
243,312,192,37,-1,-1,-1,-1
244,312,192,37,-1,-1,-1,-1
245,312,192,37,-1,-1,-1,-1
246,312,192,37,-1,-1,-1,-1
247,312,192,37,-1,-1,-1,-1
248,312,193,37,-1,-1,-1,-1
249,312,192,39,333,166,-1,-1
250,312,192,38,330,165,-1,-1
251,312,192,38,326,163,-1,-1
252,311,192,38,323,163,-1,-1
253,312,192,38,320,164,-1,-1
254,312,192,37,316,165,-1,-1
255,312,191,39,314,167,-1,-1
256,312,192,36,311,169,-1,-1
257,312,192,36,309,172,-1,-1
258,312,192,36,307,176,-1,-1
259,312,192,36,305,179,-1,-1
260,312,192,37,305,184,-1,-1
261,312,192,38,305,188,-1,-1
262,312,192,38,306,197,-1,-1
263,312,192,37,309,205,-1,-1
264,312,192,37,312,209,-1,-1
265,312,192,37,315,211,-1,-1
266,312,192,37,318,213,-1,-1
267,312,192,37,322,215,-1,-1
268,312,192,36,325,216,-1,-1
269,312,192,37,328,216,-1,-1
270,312,192,37,330,216,-1,-1
271,312,192,37,-1,-1,-1,-1
272,312,192,37,-1,-1,-1,-1
273,312,193,37,-1,-1,-1,-1
274,312,192,37,-1,-1,-1,-1
275,310,194,37,-1,-1,-1,-1
276,310,193,38,-1,-1,-1,-1
277,312,192,36,-1,-1,-1,-1
278,312,192,36,-1,-1,-1,-1
279,312,192,36,-1,-1,-1,-1
280,312,192,36,-1,-1,-1,-1
281,312,192,37,-1,-1,-1,-1
282,312,192,36,-1,-1,-1,-1
283,312,192,37,-1,-1,-1,-1
284,312,192,36,-1,-1,-1,-1
285,312,193,37,-1,-1,-1,-1
286,312,192,37,-1,-1,-1,-1
287,312,192,38,330,165,-1,-1
288,312,193,37,-1,-1,-1,-1
289,312,193,37,323,165,-1,-1
290,312,193,37,320,164,-1,-1
291,312,192,37,317,165,-1,-1
292,312,192,37,314,167,-1,-1
293,312,192,37,311,169,-1,-1
294,312,192,37,309,172,-1,-1
295,312,192,37,307,175,-1,-1
296,312,192,37,305,179,-1,-1
297,312,192,37,305,184,-1,-1
298,312,192,37,304,188,-1,-1
299,312,192,37,304,192,-1,-1
300,311,192,37,305,197,-1,-1
301,312,192,37,306,201,-1,-1
302,312,192,37,308,205,-1,-1
303,312,192,37,311,208,-1,-1
304,312,192,37,314,211,-1,-1
305,311,193,38,317,214,-1,-1
306,312,192,36,321,216,-1,-1
307,312,192,37,324,217,-1,-1
308,312,192,36,327,216,-1,-1
309,312,192,36,329,216,-1,-1
310,311,193,38,333,216,-1,-1
311,311,193,38,334,216,-1,-1
312,312,193,38,-1,-1,-1,-1
313,311,193,38,-1,-1,-1,-1
314,312,192,36,-1,-1,-1,-1
315,312,192,37,-1,-1,-1,-1
316,310,193,39,-1,-1,-1,-1
317,311,193,38,-1,-1,-1,-1
318,312,192,36,-1,-1,-1,-1
319,312,192,36,-1,-1,-1,-1
320,312,192,36,-1,-1,-1,-1
321,312,192,36,-1,-1,-1,-1
322,312,192,36,-1,-1,-1,-1
323,312,192,36,-1,-1,-1,-1
324,312,192,37,-1,-1,-1,-1
325,312,192,37,-1,-1,-1,-1
326,312,192,37,-1,-1,-1,-1
327,312,192,37,327,165,-1,-1
328,312,192,37,323,163,-1,-1
329,312,193,37,320,164,-1,-1
330,311,192,38,316,165,-1,-1
331,311,192,38,313,166,-1,-1
332,312,192,37,311,169,-1,-1
333,312,192,37,308,171,-1,-1
334,311,192,37,306,175,-1,-1
335,312,192,37,304,179,-1,-1
336,312,192,37,303,183,-1,-1
337,314,194,40,303,188,-1,-1
338,310,192,37,303,192,-1,-1
339,310,192,37,304,196,-1,-1
340,310,192,37,305,200,-1,-1
341,310,192,37,307,204,-1,-1
342,310,192,37,309,208,-1,-1
343,310,192,37,312,210,-1,-1
344,310,192,37,315,213,-1,-1
345,310,192,37,319,215,-1,-1
346,310,192,36,322,216,-1,-1
347,310,192,37,324,217,-1,-1
348,310,192,38,328,217,-1,-1
349,310,192,36,-1,-1,-1,-1
350,310,194,37,-1,-1,-1,-1
351,310,192,37,-1,-1,-1,-1
352,310,192,37,-1,-1,-1,-1
353,311,193,38,-1,-1,-1,-1
354,310,192,37,-1,-1,-1,-1
355,310,192,37,-1,-1,-1,-1
356,310,192,37,-1,-1,-1,-1
357,310,192,37,-1,-1,-1,-1
358,310,192,37,-1,-1,-1,-1
359,310,192,37,-1,-1,-1,-1
360,310,192,37,-1,-1,-1,-1
361,310,192,37,-1,-1,-1,-1
362,310,192,37,-1,-1,-1,-1
363,311,193,37,-1,-1,-1,-1
364,311,193,38,-1,-1,-1,-1
365,310,192,38,-1,-1,-1,-1
366,310,191,38,326,164,-1,-1
367,310,192,37,322,163,-1,-1
368,310,191,38,320,163,-1,-1
369,310,192,38,317,163,-1,-1
370,310,191,38,313,165,-1,-1
371,310,192,36,310,167,-1,-1
372,310,192,36,308,170,-1,-1
373,310,192,36,306,173,-1,-1
374,310,192,37,304,176,-1,-1
375,310,192,37,303,180,-1,-1
376,308,192,38,302,185,-1,-1
377,310,192,37,302,194,-1,-1
378,310,192,37,306,202,-1,-1
379,310,192,36,308,205,-1,-1
380,310,192,36,310,208,-1,-1
381,310,192,37,313,211,-1,-1
382,310,192,36,316,213,-1,-1
383,310,192,36,320,215,-1,-1
384,310,192,37,323,216,-1,-1
385,310,192,37,326,216,-1,-1
386,310,192,37,329,215,-1,-1
387,310,192,38,331,215,-1,-1
388,310,192,37,-1,-1,-1,-1
389,310,192,37,-1,-1,-1,-1
390,310,192,37,-1,-1,-1,-1
391,310,192,38,-1,-1,-1,-1
392,310,192,37,-1,-1,-1,-1
393,311,190,36,-1,-1,-1,-1
394,310,192,37,-1,-1,-1,-1
395,310,192,37,-1,-1,-1,-1
396,310,192,37,-1,-1,-1,-1
397,310,192,37,-1,-1,-1,-1
398,310,192,37,-1,-1,-1,-1
399,310,190,37,-1,-1,-1,-1
400,310,192,37,-1,-1,-1,-1
401,310,190,36,-1,-1,-1,-1
402,311,191,37,-1,-1,-1,-1
403,311,191,37,-1,-1,-1,-1
404,311,192,37,-1,-1,-1,-1
405,310,190,37,323,162,-1,-1
406,311,192,37,320,162,-1,-1
407,310,190,37,317,161,-1,-1
408,310,190,38,314,163,-1,-1
409,312,190,37,311,165,-1,-1
410,310,190,37,308,168,-1,-1
411,310,190,37,306,170,-1,-1
412,310,190,37,305,174,-1,-1
413,310,190,37,303,178,-1,-1
414,310,190,37,303,182,-1,-1
415,311,190,37,302,187,-1,-1
416,311,190,37,303,191,-1,-1
417,312,190,37,306,199,-1,-1
418,310,190,37,308,203,-1,-1
419,310,190,37,310,206,-1,-1
420,312,190,38,313,209,-1,-1
421,312,190,38,317,212,-1,-1
422,312,190,37,320,214,-1,-1
423,312,190,38,323,215,-1,-1
424,312,190,38,327,215,-1,-1
425,311,191,38,330,215,-1,-1
426,312,190,38,332,214,-1,-1
427,312,190,38,-1,-1,-1,-1
428,312,190,38,-1,-1,-1,-1
429,312,190,38,-1,-1,-1,-1
430,312,190,38,-1,-1,-1,-1
431,312,190,37,-1,-1,-1,-1
432,312,190,38,-1,-1,-1,-1
433,312,190,36,-1,-1,-1,-1
434,312,190,37,-1,-1,-1,-1
435,312,190,37,-1,-1,-1,-1
436,312,190,37,-1,-1,-1,-1
437,312,190,38,-1,-1,-1,-1
438,312,190,38,-1,-1,-1,-1
439,312,190,38,-1,-1,-1,-1
440,312,190,38,-1,-1,-1,-1
441,311,190,36,-1,-1,-1,-1
442,313,190,38,-1,-1,-1,-1
443,313,189,38,-1,-1,-1,-1
444,313,190,38,326,160,-1,-1
445,312,190,38,323,160,-1,-1
446,313,190,37,321,160,-1,-1
447,313,190,37,317,161,-1,-1
448,313,190,37,314,163,-1,-1
449,312,190,38,311,165,-1,-1
450,313,190,37,309,168,-1,-1
451,313,190,37,307,171,-1,-1
452,314,190,36,305,175,-1,-1
453,314,190,36,304,179,-1,-1
454,314,190,36,304,183,-1,-1
455,314,190,36,304,188,-1,-1
456,313,190,36,304,193,-1,-1
457,314,190,36,306,197,-1,-1
458,314,190,37,307,201,-1,-1
459,314,190,37,309,204,-1,-1
460,313,190,36,313,207,-1,-1
461,314,190,37,316,210,-1,-1
462,314,190,37,319,212,-1,-1
463,314,190,37,322,214,-1,-1
464,314,190,37,326,215,-1,-1
465,314,190,37,328,215,-1,-1
466,314,192,37,332,215,-1,-1
467,314,190,37,-1,-1,-1,-1
468,314,190,36,-1,-1,-1,-1
469,314,190,37,-1,-1,-1,-1
470,314,190,37,-1,-1,-1,-1
471,314,190,37,-1,-1,-1,-1
472,314,190,37,-1,-1,-1,-1
473,314,190,36,-1,-1,-1,-1
474,314,190,36,-1,-1,-1,-1
475,314,190,36,-1,-1,-1,-1
476,314,191,38,-1,-1,-1,-1
477,314,191,38,-1,-1,-1,-1
478,315,191,38,-1,-1,-1,-1
479,314,190,37,-1,-1,-1,-1
480,315,191,38,-1,-1,-1,-1
481,315,191,38,-1,-1,-1,-1
482,315,191,38,-1,-1,-1,-1
483,315,191,38,-1,-1,-1,-1
484,315,191,38,-1,-1,-1,-1
485,315,191,38,326,162,-1,-1
486,315,191,38,323,161,-1,-1
487,316,192,37,319,162,-1,-1
488,315,191,38,315,163,-1,-1
489,314,192,37,312,165,-1,-1
490,315,192,37,309,168,-1,-1
491,315,191,37,307,172,-1,-1
492,315,192,37,305,176,-1,-1
493,315,192,37,304,180,-1,-1
494,316,192,36,303,184,-1,-1
495,316,192,36,303,189,-1,-1
496,316,192,36,304,194,-1,-1
497,316,192,38,305,199,-1,-1
498,316,192,37,307,203,-1,-1
499,316,192,37,309,207,-1,-1
500,316,192,37,312,210,-1,-1
501,316,192,37,315,213,-1,-1
502,316,192,37,318,215,-1,-1
503,315,192,36,322,217,-1,-1
504,316,192,37,325,218,-1,-1
505,315,193,38,330,219,-1,-1
506,315,193,38,333,219,-1,-1
507,315,193,38,334,220,-1,-1
508,315,193,38,-1,-1,-1,-1
509,315,193,38,-1,-1,-1,-1
510,316,194,37,-1,-1,-1,-1
511,316,194,37,-1,-1,-1,-1
512,316,194,37,-1,-1,-1,-1
513,316,194,37,-1,-1,-1,-1
514,316,194,36,-1,-1,-1,-1
515,316,194,36,-1,-1,-1,-1
516,316,194,36,-1,-1,-1,-1
517,316,194,36,-1,-1,-1,-1
518,316,194,38,-1,-1,-1,-1
519,316,193,38,-1,-1,-1,-1
520,316,194,38,-1,-1,-1,-1
521,316,194,36,-1,-1,-1,-1
522,316,194,38,-1,-1,-1,-1
523,316,194,37,-1,-1,-1,-1
524,316,194,38,327,164,-1,-1
525,315,194,38,323,164,-1,-1
526,315,194,38,319,164,-1,-1
527,315,194,38,315,166,-1,-1
528,315,194,38,311,168,-1,-1
529,316,194,37,308,171,-1,-1
530,315,194,37,305,174,-1,-1
531,315,194,37,303,178,-1,-1
532,315,194,36,301,183,-1,-1
533,315,194,36,300,188,-1,-1
534,314,195,38,300,193,-1,-1
535,315,194,36,301,198,-1,-1
536,315,195,38,302,203,-1,-1
537,314,196,37,304,207,-1,-1
538,314,196,37,306,211,-1,-1
539,314,196,37,309,215,-1,-1
540,314,196,36,313,218,-1,-1
541,314,196,36,316,220,-1,-1
542,314,196,37,320,223,-1,-1
543,314,196,37,324,223,-1,-1
544,313,196,36,327,222,-1,-1
545,314,196,38,332,221,-1,-1
546,314,196,38,-1,-1,-1,-1
547,314,196,38,-1,-1,-1,-1
548,314,196,38,-1,-1,-1,-1
549,314,196,37,-1,-1,-1,-1
550,314,196,37,-1,-1,-1,-1
551,314,197,38,-1,-1,-1,-1
552,314,196,37,-1,-1,-1,-1
553,314,196,37,-1,-1,-1,-1
554,314,196,37,-1,-1,-1,-1
555,314,196,37,-1,-1,-1,-1
556,314,196,36,-1,-1,-1,-1
557,314,196,36,-1,-1,-1,-1
558,314,196,37,-1,-1,-1,-1
559,314,196,37,-1,-1,-1,-1
560,314,196,37,-1,-1,-1,-1
561,314,196,36,-1,-1,-1,-1
562,313,197,38,323,167,-1,-1
563,314,197,38,320,167,-1,-1
564,313,197,38,315,167,-1,-1
565,314,197,38,311,168,-1,-1
566,313,197,38,307,171,-1,-1
567,313,197,38,304,174,-1,-1
568,313,197,38,301,178,-1,-1
569,314,197,37,298,182,-1,-1
570,314,196,36,297,187,-1,-1
571,313,197,38,296,192,-1,-1
572,314,198,37,296,197,-1,-1
573,313,198,37,297,202,-1,-1
574,314,198,37,298,207,-1,-1
575,313,198,37,300,211,-1,-1
576,312,198,38,304,215,-1,-1
577,314,198,37,307,219,-1,-1
578,314,198,36,310,221,-1,-1
579,313,198,38,315,223,-1,-1
580,312,198,37,319,225,-1,-1
581,314,198,37,324,225,-1,-1
582,313,197,38,329,225,-1,-1
583,313,198,38,333,223,-1,-1
584,313,198,38,-1,-1,-1,-1
585,313,198,38,-1,-1,-1,-1
586,313,198,38,-1,-1,-1,-1
587,313,198,38,-1,-1,-1,-1
588,314,198,37,-1,-1,-1,-1
589,314,198,37,-1,-1,-1,-1
590,314,198,37,-1,-1,-1,-1
591,314,198,37,-1,-1,-1,-1
592,314,198,37,-1,-1,-1,-1
593,314,198,37,-1,-1,-1,-1
594,313,198,37,-1,-1,-1,-1
595,314,198,37,-1,-1,-1,-1
596,313,198,38,-1,-1,-1,-1
597,313,198,38,332,171,-1,-1
598,313,198,38,328,169,-1,-1
599,313,198,38,324,168,-1,-1
600,313,198,38,320,167,-1,-1
601,313,198,38,315,167,-1,-1
602,313,198,38,310,168,-1,-1
603,312,198,38,306,170,-1,-1
604,314,198,36,303,173,-1,-1
605,313,198,38,299,177,-1,-1
606,313,198,38,297,181,-1,-1
607,313,198,37,295,186,-1,-1
608,312,198,38,294,191,-1,-1
609,312,198,38,293,196,-1,-1
610,312,198,38,294,201,-1,-1
611,312,198,38,295,206,-1,-1
612,313,198,38,297,210,-1,-1
613,312,198,37,300,215,-1,-1
614,314,198,38,303,218,-1,-1
615,313,198,38,307,221,-1,-1
616,314,198,37,312,223,-1,-1
617,314,198,37,315,225,-1,-1
618,313,198,38,320,226,-1,-1
619,313,198,38,324,226,-1,-1
620,314,198,38,330,225,-1,-1
621,314,198,38,332,223,-1,-1
622,313,198,38,-1,-1,-1,-1
623,313,198,38,-1,-1,-1,-1
624,313,198,38,-1,-1,-1,-1
625,314,198,37,-1,-1,-1,-1
626,314,198,38,-1,-1,-1,-1
627,314,198,37,-1,-1,-1,-1
628,314,198,37,-1,-1,-1,-1
629,313,197,38,-1,-1,-1,-1
630,314,198,38,-1,-1,-1,-1
631,314,198,38,-1,-1,-1,-1
632,314,198,38,-1,-1,-1,-1
633,314,197,38,-1,-1,-1,-1
634,314,198,38,-1,-1,-1,-1
635,314,198,37,-1,-1,-1,-1
636,314,198,37,326,168,-1,-1
637,314,198,37,322,167,-1,-1
638,314,198,37,317,167,-1,-1
639,314,197,38,312,167,-1,-1
640,314,197,38,307,169,-1,-1
641,314,198,37,303,171,-1,-1
642,313,197,38,300,174,-1,-1
643,313,197,38,297,178,-1,-1
644,314,197,38,294,183,-1,-1
645,313,197,38,293,188,-1,-1
646,314,196,37,292,193,-1,-1
647,313,197,38,292,198,-1,-1
648,314,196,36,293,203,-1,-1
649,314,196,36,295,207,-1,-1
650,314,196,36,297,212,-1,-1
651,314,196,36,300,215,-1,-1
652,313,197,38,304,219,-1,-1
653,314,197,38,308,221,-1,-1
654,314,196,37,313,224,-1,-1
655,314,196,37,316,224,-1,-1
656,314,196,37,322,224,-1,-1
657,314,196,37,325,225,-1,-1
658,314,197,38,331,223,-1,-1
659,314,196,38,-1,-1,-1,-1
660,314,196,38,-1,-1,-1,-1
661,314,196,37,-1,-1,-1,-1
662,315,197,38,346,209,-1,-1
663,314,196,37,-1,-1,-1,-1
664,314,196,38,-1,-1,-1,-1
665,314,196,37,-1,-1,-1,-1
666,314,196,36,-1,-1,-1,-1
667,314,196,36,-1,-1,-1,-1
668,316,196,38,-1,-1,-1,-1
669,314,196,37,-1,-1,-1,-1
670,315,195,38,-1,-1,-1,-1
671,314,195,37,-1,-1,-1,-1
672,314,196,37,-1,-1,-1,-1
673,315,195,38,327,166,-1,-1
674,315,195,38,321,164,-1,-1
675,315,194,37,317,164,-1,-1
676,315,195,38,312,164,-1,-1
677,314,194,37,307,165,-1,-1
678,314,194,37,303,168,-1,-1
679,314,194,37,299,171,-1,-1
680,314,194,38,296,174,-1,-1
681,314,194,38,293,179,-1,-1
682,314,194,38,291,184,-1,-1
683,314,194,38,290,189,-1,-1
684,314,194,38,290,194,-1,-1
685,314,194,37,291,199,-1,-1
686,314,194,38,292,204,-1,-1
687,314,194,38,295,209,-1,-1
688,314,194,37,298,212,-1,-1
689,314,194,36,302,216,-1,-1
690,314,194,36,306,219,-1,-1
691,314,194,37,311,220,-1,-1
692,314,194,37,316,222,-1,-1
693,314,194,37,320,222,-1,-1
694,314,194,37,324,222,-1,-1
695,314,194,37,330,219,-1,-1
696,314,193,38,334,217,-1,-1
697,314,193,38,338,214,-1,-1
698,314,193,38,-1,-1,-1,-1
699,314,194,37,-1,-1,-1,-1
700,314,192,36,-1,-1,-1,-1
701,315,193,38,347,198,-1,-1
702,314,192,36,-1,-1,-1,-1
703,314,192,37,-1,-1,-1,-1
704,314,192,37,-1,-1,-1,-1
705,315,193,38,-1,-1,-1,-1
706,314,192,37,-1,-1,-1,-1
707,315,192,38,338,169,-1,-1
708,315,192,38,334,166,-1,-1
709,315,192,38,329,163,-1,-1
710,314,192,38,324,161,-1,-1
711,314,192,37,320,161,-1,-1
712,314,192,37,314,161,-1,-1
713,314,192,37,309,161,-1,-1
714,314,191,38,304,162,-1,-1
715,314,191,38,300,165,-1,-1
716,313,191,38,296,168,-1,-1
717,314,191,38,292,172,-1,-1
718,313,191,38,289,177,-1,-1
719,314,190,36,288,182,-1,-1
720,314,190,36,287,188,-1,-1
721,314,190,36,287,193,-1,-1
722,313,191,38,289,197,-1,-1
723,314,190,36,291,203,-1,-1
724,314,190,36,293,208,-1,-1
725,314,190,36,297,211,-1,-1
726,314,190,37,301,214,-1,-1
727,314,190,37,305,217,-1,-1
728,314,190,37,310,218,-1,-1
729,314,190,37,317,220,-1,-1
730,314,190,37,321,219,-1,-1
731,314,190,37,326,218,-1,-1
732,314,190,37,329,216,-1,-1
733,314,190,37,334,214,-1,-1
734,314,190,38,339,210,-1,-1
735,314,190,38,341,207,-1,-1
736,314,190,37,-1,-1,-1,-1
737,314,190,38,346,197,-1,-1
738,314,190,38,347,191,-1,-1
739,314,190,37,-1,-1,-1,-1
740,314,190,36,-1,-1,-1,-1
741,314,190,37,-1,-1,-1,-1
742,314,190,37,-1,-1,-1,-1
743,315,190,38,339,168,-1,-1
744,315,189,38,334,164,-1,-1
745,315,190,39,331,161,-1,-1
746,314,190,37,325,160,-1,-1
747,315,189,38,320,158,-1,-1
748,314,190,37,315,158,-1,-1
749,313,189,38,310,158,-1,-1
750,313,189,38,304,160,-1,-1
751,313,189,38,299,162,-1,-1
752,314,189,38,295,166,-1,-1
753,314,189,38,291,169,-1,-1
754,314,189,38,288,174,-1,-1
755,313,189,38,286,179,-1,-1
756,313,189,38,285,185,-1,-1
757,311,190,36,286,190,-1,-1
758,313,189,38,286,195,-1,-1
759,314,190,37,288,200,-1,-1
760,314,190,37,291,205,-1,-1
761,314,188,37,294,209,-1,-1
762,314,190,37,298,213,-1,-1
763,314,188,37,303,215,-1,-1
764,314,188,36,308,216,-1,-1
765,314,189,38,313,218,-1,-1
766,313,189,38,319,218,-1,-1
767,313,189,38,325,218,-1,-1
768,314,189,38,329,216,-1,-1
769,313,189,38,334,213,-1,-1
770,314,190,37,337,209,-1,-1
771,314,188,37,-1,-1,-1,-1
772,314,188,36,-1,-1,-1,-1
773,314,189,38,345,196,-1,-1
774,314,188,36,-1,-1,-1,-1
775,314,188,36,-1,-1,-1,-1
776,314,188,36,-1,-1,-1,-1
777,314,188,36,-1,-1,-1,-1
778,314,188,37,-1,-1,-1,-1
779,314,188,37,-1,-1,-1,-1
780,315,189,39,334,163,-1,-1
781,315,189,38,329,161,-1,-1
782,315,189,38,324,158,-1,-1
783,313,188,39,319,156,-1,-1
784,314,188,37,313,157,-1,-1
785,314,188,37,307,158,-1,-1
786,314,188,38,302,158,-1,-1
787,314,188,37,297,162,-1,-1
788,314,188,38,293,165,-1,-1
789,314,188,38,289,169,-1,-1
790,314,188,37,287,174,-1,-1
791,314,188,37,285,179,-1,-1
792,314,188,37,284,185,-1,-1
793,314,188,37,284,191,-1,-1
794,314,188,38,285,197,-1,-1
795,314,188,38,287,202,-1,-1
796,314,188,36,291,206,-1,-1
797,314,188,36,294,209,-1,-1
798,314,188,37,298,213,-1,-1
799,314,188,37,302,216,-1,-1
800,313,189,38,308,218,-1,-1
801,314,188,37,315,219,-1,-1
802,313,189,38,320,218,-1,-1
803,314,189,38,325,218,-1,-1
804,313,189,38,329,215,-1,-1
805,314,189,38,335,212,-1,-1
806,314,189,38,339,208,-1,-1
807,314,190,37,341,204,-1,-1
808,314,189,38,344,199,-1,-1
809,314,188,36,344,194,-1,-1
810,314,188,36,-1,-1,-1,-1
811,314,188,36,-1,-1,-1,-1
812,314,188,37,343,177,-1,-1
813,314,188,38,342,173,-1,-1
814,314,189,38,337,167,-1,-1
815,313,189,38,335,165,-1,-1
816,314,188,37,329,161,-1,-1
817,314,189,38,325,159,-1,-1
818,314,189,38,319,158,-1,-1
819,313,189,38,315,157,-1,-1
820,314,188,38,309,156,-1,-1
821,314,188,36,303,159,-1,-1
822,313,189,38,298,161,-1,-1
823,314,188,38,294,164,-1,-1
824,314,188,36,290,168,-1,-1
825,313,189,38,287,173,-1,-1
826,314,189,38,284,178,-1,-1
827,313,189,38,283,184,-1,-1
828,313,189,38,282,190,-1,-1
829,314,189,38,283,194,-1,-1
830,314,190,37,285,200,-1,-1
831,314,190,37,287,204,-1,-1
832,314,189,38,291,211,-1,-1
833,315,190,39,295,214,-1,-1
834,314,190,37,299,216,-1,-1
835,314,190,37,304,218,-1,-1
836,314,190,37,311,220,-1,-1
837,314,190,37,319,220,-1,-1
838,314,190,36,322,219,-1,-1
839,314,190,38,329,217,-1,-1
840,314,190,38,332,214,-1,-1
841,314,190,38,336,211,-1,-1
842,314,190,37,338,207,-1,-1
843,314,190,38,343,201,-1,-1
844,314,190,36,343,197,-1,-1
845,314,190,37,345,191,-1,-1
846,314,190,37,344,186,-1,-1
847,313,190,38,344,180,-1,-1
848,314,190,38,342,175,-1,-1
849,314,190,38,339,170,-1,-1
850,313,190,38,334,166,-1,-1
851,314,190,38,330,163,-1,-1
852,314,190,38,325,160,-1,-1
853,314,190,38,320,159,-1,-1
854,314,190,38,315,158,-1,-1
855,314,190,38,309,158,-1,-1
856,314,190,38,304,159,-1,-1
857,313,190,38,298,162,-1,-1
858,314,190,37,293,166,-1,-1
859,314,190,37,289,170,-1,-1
860,314,190,37,286,174,-1,-1
861,314,190,37,284,179,-1,-1
862,314,190,38,282,185,-1,-1
863,314,190,36,283,190,-1,-1
864,314,191,38,282,196,-1,-1
865,314,191,38,284,203,-1,-1
866,313,191,38,286,208,-1,-1
867,314,192,37,290,211,-1,-1
868,314,192,37,294,216,-1,-1
869,313,191,38,298,218,-1,-1
870,314,192,37,304,221,-1,-1
871,314,192,37,310,222,-1,-1
872,314,192,37,317,222,-1,-1
873,314,192,37,320,222,-1,-1
874,314,192,36,327,218,-1,-1
875,314,192,37,332,216,-1,-1
876,314,192,38,335,213,-1,-1
877,314,192,36,338,208,-1,-1
878,314,192,38,342,204,-1,-1
879,314,192,36,342,198,-1,-1
880,315,193,39,345,193,-1,-1
881,314,192,37,344,188,-1,-1
882,314,192,37,343,182,-1,-1
883,314,192,37,341,178,-1,-1
884,314,192,37,338,173,-1,-1
885,314,192,38,334,168,-1,-1
886,314,192,38,329,164,-1,-1
887,314,192,38,325,162,-1,-1
888,314,192,38,319,160,-1,-1
889,314,192,38,313,160,-1,-1
890,314,192,38,308,160,-1,-1
891,313,192,38,302,162,-1,-1
892,314,192,38,298,164,-1,-1
893,314,192,37,294,168,-1,-1
894,314,192,37,-1,-1,-1,-1
895,314,192,36,-1,-1,-1,-1
896,314,192,38,283,181,-1,-1
897,313,191,36,-1,-1,-1,-1
898,314,192,36,-1,-1,-1,-1
899,313,193,38,282,199,-1,-1
900,314,192,37,-1,-1,-1,-1
901,314,193,38,286,210,-1,-1
902,313,193,38,289,213,-1,-1
903,314,194,37,293,217,-1,-1
904,314,194,37,-1,-1,-1,-1
905,314,194,37,304,223,-1,-1
906,314,194,37,310,225,-1,-1
907,314,194,37,316,224,-1,-1
908,313,193,38,322,223,-1,-1
909,313,193,38,328,220,-1,-1
910,313,193,38,332,217,-1,-1
911,314,194,38,336,214,-1,-1
912,314,194,36,339,208,-1,-1
913,314,194,38,342,204,-1,-1
914,315,195,38,343,198,-1,-1
915,314,194,37,344,193,-1,-1
916,314,194,37,343,188,-1,-1
917,314,194,38,342,182,-1,-1
918,314,194,39,340,177,-1,-1
919,314,194,38,336,172,-1,-1
920,314,194,38,331,168,-1,-1
921,314,194,38,327,165,-1,-1
922,314,194,38,322,163,-1,-1
923,314,194,37,317,163,-1,-1
924,314,194,38,310,162,-1,-1
925,314,194,37,304,163,-1,-1
926,314,194,37,-1,-1,-1,-1
927,314,194,38,295,167,-1,-1
928,314,194,38,-1,-1,-1,-1
929,313,194,38,-1,-1,-1,-1
930,314,194,38,-1,-1,-1,-1
931,314,194,37,-1,-1,-1,-1
932,314,194,37,-1,-1,-1,-1
933,314,194,37,-1,-1,-1,-1
934,314,194,37,-1,-1,-1,-1
935,314,194,37,-1,-1,-1,-1
936,314,195,38,287,214,-1,-1
937,313,195,38,291,218,-1,-1
938,314,196,37,-1,-1,-1,-1
939,314,196,37,300,224,-1,-1
940,314,195,37,309,227,-1,-1
941,314,196,37,313,226,-1,-1
942,313,195,38,318,225,-1,-1
943,313,195,38,323,223,-1,-1
944,313,195,38,329,220,-1,-1
945,313,195,38,333,218,-1,-1
946,314,196,39,336,214,-1,-1
947,315,197,38,340,208,-1,-1
948,313,195,38,343,203,-1,-1
949,315,196,37,343,197,-1,-1
950,314,196,37,343,192,-1,-1
951,314,196,37,342,186,-1,-1
952,315,196,39,341,180,-1,-1
953,314,194,36,337,176,-1,-1
954,314,195,38,333,171,-1,-1
955,314,196,37,328,168,-1,-1
956,314,196,37,323,166,-1,-1
957,313,195,38,317,164,-1,-1
958,313,195,38,314,163,-1,-1
959,312,196,37,-1,-1,-1,-1
960,313,195,38,302,165,-1,-1
961,313,195,38,-1,-1,-1,-1
962,313,195,38,-1,-1,-1,-1
963,313,195,38,-1,-1,-1,-1
964,314,194,36,-1,-1,-1,-1
965,313,194,36,-1,-1,-1,-1
966,313,193,36,-1,-1,-1,-1
967,313,194,36,-1,-1,-1,-1
968,313,194,36,-1,-1,-1,-1
969,313,195,38,-1,-1,-1,-1
970,313,195,38,-1,-1,-1,-1
971,313,195,38,287,214,-1,-1
972,313,195,38,292,220,-1,-1
973,314,196,37,298,223,-1,-1
974,314,196,37,-1,-1,-1,-1
975,314,196,37,309,226,-1,-1
976,314,196,37,313,225,-1,-1
977,313,195,38,320,224,-1,-1
978,314,195,37,325,223,-1,-1
979,314,196,37,330,219,-1,-1
980,313,195,38,333,215,-1,-1
981,313,194,36,337,210,-1,-1
982,313,194,36,339,206,-1,-1
983,313,194,36,341,200,-1,-1
984,315,195,40,342,195,-1,-1
985,314,194,38,342,189,-1,-1
986,314,194,37,341,183,-1,-1
987,311,194,36,337,178,-1,-1
988,313,195,38,335,173,-1,-1
989,314,194,37,330,169,-1,-1
990,313,194,38,326,165,-1,-1
991,313,194,38,320,163,-1,-1
992,312,194,38,314,162,-1,-1
993,312,193,39,309,161,-1,-1
994,312,194,39,303,162,-1,-1
995,312,194,38,297,165,-1,-1
996,312,193,38,-1,-1,-1,-1
997,312,194,37,-1,-1,-1,-1
998,312,194,37,-1,-1,-1,-1
999,312,194,37,-1,-1,-1,-1
1000,312,194,37,-1,-1,-1,-1
1001,312,194,37,-1,-1,-1,-1
1002,312,194,37,-1,-1,-1,-1
1003,312,194,37,-1,-1,-1,-1
1004,312,194,37,-1,-1,-1,-1
1005,312,194,37,-1,-1,-1,-1
1006,312,194,37,-1,-1,-1,-1
1007,312,194,37,-1,-1,-1,-1
1008,312,194,37,-1,-1,-1,-1
1009,311,193,38,302,224,-1,-1
1010,312,193,38,310,226,-1,-1
1011,312,193,38,313,224,-1,-1
1012,312,193,38,318,223,-1,-1
1013,311,193,38,324,220,-1,-1
1014,311,193,38,328,216,-1,-1
1015,311,193,38,331,212,-1,-1
1016,312,192,36,335,207,-1,-1
1017,312,192,38,337,203,-1,-1
1018,312,192,37,339,196,-1,-1
1019,312,192,37,339,191,-1,-1
1020,312,192,37,339,185,-1,-1
1021,312,192,37,337,179,-1,-1
1022,311,192,38,335,174,-1,-1
1023,311,192,37,332,170,-1,-1
1024,311,192,38,328,166,-1,-1
1025,311,192,38,323,162,-1,-1
1026,312,192,37,319,161,-1,-1
1027,311,192,37,-1,-1,-1,-1
1028,310,192,38,306,159,-1,-1
1029,310,191,38,-1,-1,-1,-1
1030,310,191,38,-1,-1,-1,-1
1031,310,191,38,-1,-1,-1,-1
1032,310,191,38,-1,-1,-1,-1
1033,309,190,36,-1,-1,-1,-1
1034,310,191,38,-1,-1,-1,-1
1035,310,190,37,-1,-1,-1,-1
1036,310,190,36,-1,-1,-1,-1
1037,310,190,37,-1,-1,-1,-1
1038,310,190,36,-1,-1,-1,-1
1039,310,190,37,-1,-1,-1,-1
1040,310,190,37,-1,-1,-1,-1
1041,309,190,37,-1,-1,-1,-1
1042,310,190,37,-1,-1,-1,-1
1043,310,190,38,-1,-1,-1,-1
1044,310,190,37,-1,-1,-1,-1
1045,310,190,38,303,222,-1,-1
1046,310,190,38,309,222,-1,-1
1047,310,190,38,313,221,-1,-1
1048,310,190,38,319,217,-1,-1
1049,310,190,38,323,214,-1,-1
1050,310,190,37,328,211,-1,-1
1051,310,190,38,331,207,-1,-1
1052,310,190,37,333,202,-1,-1
1053,310,189,38,335,196,-1,-1
1054,310,189,38,336,191,-1,-1
1055,310,190,37,337,185,-1,-1
1056,310,190,37,336,179,-1,-1
1057,310,188,37,334,174,-1,-1
1058,310,189,38,331,169,-1,-1
1059,310,189,38,327,165,-1,-1
1060,310,189,38,324,162,-1,-1
1061,310,189,38,320,160,-1,-1
1062,310,188,38,314,156,-1,-1
1063,310,188,38,310,155,-1,-1
1064,310,188,39,303,155,-1,-1
1065,310,188,38,-1,-1,-1,-1
1066,310,188,38,-1,-1,-1,-1
1067,309,188,38,-1,-1,-1,-1
1068,310,188,38,-1,-1,-1,-1
1069,310,188,37,-1,-1,-1,-1
1070,310,188,38,-1,-1,-1,-1
1071,310,188,37,-1,-1,-1,-1
1072,310,188,37,-1,-1,-1,-1
1073,310,188,37,-1,-1,-1,-1
1074,310,188,37,-1,-1,-1,-1
1075,310,188,38,-1,-1,-1,-1
1076,310,188,37,-1,-1,-1,-1
1077,310,188,38,-1,-1,-1,-1
1078,310,188,38,-1,-1,-1,-1
1079,310,188,38,-1,-1,-1,-1
1080,310,188,37,-1,-1,-1,-1
1081,310,188,38,-1,-1,-1,-1
1082,310,188,38,305,219,-1,-1
1083,310,188,38,310,218,-1,-1
1084,310,188,38,316,217,-1,-1
1085,310,188,38,320,214,-1,-1
1086,310,188,38,324,210,-1,-1
1087,311,189,38,328,206,-1,-1
1088,310,188,37,331,202,-1,-1
1089,310,188,37,333,196,-1,-1
1090,310,188,37,334,191,-1,-1
1091,310,188,37,335,185,-1,-1
1092,310,188,37,335,180,-1,-1
1093,310,188,37,334,174,-1,-1
1094,310,188,37,332,169,-1,-1
1095,311,188,38,329,165,-1,-1
1096,310,188,37,325,162,-1,-1
1097,310,188,37,321,159,-1,-1
1098,312,188,38,318,156,-1,-1
1099,311,188,38,312,155,-1,-1
1100,311,187,38,309,155,-1,-1
1101,311,187,38,-1,-1,-1,-1
1102,311,188,38,-1,-1,-1,-1
1103,311,187,38,-1,-1,-1,-1
1104,311,187,38,-1,-1,-1,-1
1105,312,189,38,328,208,-1,-1
1106,312,190,38,331,204,-1,-1
1107,313,189,38,334,198,-1,-1
1108,313,189,38,335,193,-1,-1
1109,312,190,38,336,188,-1,-1
1110,314,190,37,336,182,-1,-1
1111,314,188,37,334,177,-1,-1
1112,313,189,38,333,172,-1,-1
1113,313,189,38,330,167,-1,-1
1114,313,189,38,327,163,-1,-1
1115,313,189,38,323,160,-1,-1
1116,313,189,38,319,159,-1,-1
1117,314,190,38,315,157,-1,-1
1118,314,190,38,311,157,-1,-1
1119,314,190,38,-1,-1,-1,-1
1120,314,190,37,-1,-1,-1,-1
1121,313,190,38,-1,-1,-1,-1
1122,314,190,37,-1,-1,-1,-1
1123,314,190,37,-1,-1,-1,-1
1124,314,190,38,-1,-1,-1,-1
1125,314,192,39,-1,-1,340,209
1126,314,190,37,-1,-1,-1,-1
1127,313,191,38,-1,-1,344,199
1128,314,190,37,-1,-1,-1,-1
1129,313,191,38,-1,-1,-1,-1
1130,314,191,38,-1,-1,-1,-1
1131,314,192,37,-1,-1,-1,-1
1132,314,192,38,-1,-1,-1,-1
1133,315,194,37,-1,-1,-1,-1
1134,314,192,37,-1,-1,-1,-1
1135,314,192,38,-1,-1,-1,-1
1136,314,192,37,-1,-1,-1,-1
1137,314,192,37,-1,-1,-1,-1
1138,314,192,37,311,224,-1,-1
1139,314,193,38,317,222,-1,-1
1140,316,192,37,320,220,-1,-1
1141,314,193,38,326,216,-1,-1
1142,314,194,38,328,213,-1,-1
1143,315,193,38,332,208,-1,-1
1144,315,194,37,334,203,-1,-1
1145,315,194,37,336,198,-1,-1
1146,315,193,38,336,193,-1,-1
1147,315,194,38,336,188,-1,-1
1148,315,194,38,335,181,-1,-1
1149,314,194,37,334,176,-1,-1
1150,316,194,38,330,172,-1,-1
1151,315,194,38,328,167,-1,-1
1152,315,194,38,324,165,-1,-1
1153,315,194,38,320,163,-1,-1
1154,316,194,37,316,163,-1,-1
1155,314,196,36,-1,-1,-1,-1
1156,314,196,37,-1,-1,-1,-1
1157,314,198,37,-1,-1,-1,-1
1158,315,197,38,314,228,-1,-1
1159,314,197,38,320,226,-1,-1
1160,314,197,38,323,223,-1,-1
1161,314,198,39,327,219,-1,-1
1162,314,198,39,330,214,-1,-1
1163,314,197,39,333,209,-1,-1
1164,314,198,36,334,204,-1,-1
1165,314,198,36,335,199,-1,-1
1166,314,198,36,335,192,-1,-1
1167,314,198,38,334,187,-1,-1
1168,314,198,38,332,181,-1,-1
1169,314,198,38,329,176,-1,-1
1170,314,198,38,326,172,-1,-1
1171,314,198,38,323,169,-1,-1
1172,314,198,37,319,167,-1,-1
1173,314,198,37,-1,-1,-1,-1
1174,314,198,37,-1,-1,-1,-1
1175,314,198,38,-1,-1,-1,-1
1176,313,198,38,-1,-1,-1,-1
1177,314,198,37,-1,-1,-1,-1
1178,314,198,37,-1,-1,-1,-1
1179,314,198,38,-1,-1,-1,-1
1180,314,198,38,-1,-1,336,220
1181,314,198,38,-1,-1,340,214
1182,314,198,37,-1,-1,341,208
1183,314,198,36,-1,-1,342,202
1184,313,199,38,-1,-1,343,195
1185,313,198,39,-1,-1,342,188
1186,314,198,37,-1,-1,340,183
1187,313,199,38,-1,-1,-1,-1
1188,314,200,37,-1,-1,-1,-1
1189,313,199,38,-1,-1,-1,-1
1190,314,198,38,-1,-1,-1,-1
1191,314,200,37,-1,-1,-1,-1
1192,311,200,36,-1,-1,-1,-1
1193,314,200,37,-1,-1,-1,-1
1194,312,200,38,313,231,-1,-1
1195,313,199,38,319,227,-1,-1
1196,313,199,38,322,224,-1,-1
1197,312,200,38,326,219,-1,-1
1198,313,199,38,329,215,-1,-1
1199,312,200,37,330,209,-1,-1
1200,314,200,38,332,204,-1,-1
1201,311,200,36,332,198,-1,-1
1202,312,200,37,332,192,-1,-1
1203,312,200,38,330,186,-1,-1
1204,312,200,38,328,181,-1,-1
1205,311,198,39,-1,-1,336,180
1206,312,198,39,-1,-1,334,175
1207,311,199,38,-1,-1,-1,-1
1208,311,199,38,-1,-1,-1,-1
1209,312,198,37,-1,-1,-1,-1
1210,312,198,37,-1,-1,-1,-1
1211,312,200,38,-1,-1,-1,-1
1212,311,199,38,-1,-1,-1,-1
1213,312,199,38,313,229,-1,-1
1214,311,199,38,316,226,-1,-1
1215,311,199,38,320,222,-1,-1
1216,312,198,38,323,217,-1,-1
1217,312,198,38,326,212,-1,-1
1218,312,198,38,328,207,-1,-1
1219,310,199,38,329,201,-1,-1
1220,312,198,38,329,195,-1,-1
1221,312,198,37,329,189,-1,-1
1222,312,198,38,327,183,-1,-1
1223,312,198,37,325,177,-1,-1
1224,311,198,38,322,173,-1,-1
1225,312,198,38,319,169,-1,-1
1226,312,198,37,317,167,-1,-1
1227,312,198,38,312,165,-1,-1
1228,311,197,38,-1,-1,-1,-1
1229,312,197,38,-1,-1,-1,-1
1230,311,197,38,-1,-1,-1,-1
1231,311,197,38,-1,-1,-1,-1
1232,311,197,38,-1,-1,322,227
1233,312,197,39,-1,-1,325,225
1234,311,197,38,-1,-1,329,221
1235,311,197,38,-1,-1,332,215
1236,311,197,38,-1,-1,335,209
1237,311,197,38,-1,-1,336,202
1238,312,196,37,-1,-1,337,195
1239,311,197,38,-1,-1,337,189
1240,312,196,37,-1,-1,334,182
1241,312,196,39,-1,-1,333,176
1242,312,196,39,-1,-1,332,172
1243,312,196,39,-1,-1,326,167
1244,311,196,39,-1,-1,-1,-1
1245,311,197,38,-1,-1,-1,-1
1246,311,197,38,-1,-1,-1,-1
1247,312,196,39,-1,-1,-1,-1
1248,312,196,38,-1,-1,-1,-1
1249,312,196,37,312,227,-1,-1
1250,312,196,38,315,223,-1,-1
1251,312,196,38,319,219,-1,-1
1252,312,196,38,322,214,-1,-1
1253,312,196,38,324,209,-1,-1
1254,312,196,38,326,203,-1,-1
1255,312,196,38,317,166,-1,-1
1256,312,196,38,313,164,-1,-1
1257,312,196,38,312,163,-1,-1
1258,312,196,38,-1,-1,-1,-1
1259,312,195,38,-1,-1,-1,-1
1260,312,195,38,-1,-1,-1,-1
1261,312,195,38,-1,-1,319,227
1262,312,196,37,-1,-1,323,223
1263,312,195,38,-1,-1,326,221
1264,312,195,39,-1,-1,329,216
1265,312,195,38,-1,-1,332,210
1266,312,195,39,-1,-1,334,203
1267,312,195,39,-1,-1,334,197
1268,312,196,39,-1,-1,334,190
1269,312,195,39,-1,-1,334,183
1270,312,195,39,-1,-1,332,177
1271,312,194,38,-1,-1,331,171
1272,312,195,38,-1,-1,-1,-1
1273,312,195,39,-1,-1,-1,-1
1274,312,196,38,-1,-1,-1,-1
1275,313,195,38,-1,-1,-1,-1
1276,313,196,38,-1,-1,-1,-1
1277,311,194,36,-1,-1,-1,-1
1278,312,196,38,311,226,-1,-1
1279,312,195,38,314,223,-1,-1
1280,312,195,38,318,219,-1,-1
1281,312,196,38,321,214,-1,-1
1282,312,196,38,323,209,-1,-1
1283,312,196,38,325,203,-1,-1
1284,312,196,38,326,197,-1,-1
1285,312,195,38,326,191,-1,-1
1286,312,195,39,326,184,-1,-1
1287,312,196,38,324,178,-1,-1
1288,312,195,38,322,173,-1,-1
1289,312,195,39,320,168,-1,-1
1290,313,195,38,317,165,-1,-1
1291,313,195,39,314,163,-1,-1
1292,313,195,38,-1,-1,-1,-1
1293,313,195,38,-1,-1,-1,-1
1294,312,194,37,-1,-1,-1,-1
1295,312,194,37,-1,-1,-1,-1
1296,314,194,37,-1,-1,-1,-1
1297,313,195,38,-1,-1,323,223
1298,313,195,38,-1,-1,326,220
1299,312,195,39,-1,-1,329,214
1300,312,195,38,-1,-1,331,208
1301,312,195,38,-1,-1,332,200
1302,312,195,39,-1,-1,333,194
1303,312,195,39,-1,-1,332,188
1304,312,195,39,-1,-1,331,180
1305,312,196,38,316,165,-1,-1
1306,313,196,39,314,163,-1,-1
1307,313,195,39,-1,-1,-1,-1
1308,312,196,38,-1,-1,-1,-1
1309,312,195,37,-1,-1,-1,-1
1310,312,197,38,-1,-1,316,228
1311,312,196,38,-1,-1,319,226
1312,312,196,39,-1,-1,322,223
1313,312,196,37,-1,-1,325,219
1314,312,196,38,-1,-1,327,213
1315,312,196,38,-1,-1,329,206
1316,312,196,37,-1,-1,330,199
1317,312,196,37,-1,-1,329,193
1318,312,196,38,-1,-1,329,185
1319,312,197,38,-1,-1,327,177
1320,312,196,37,-1,-1,325,172
1321,312,196,39,-1,-1,325,169
1322,311,196,39,-1,-1,320,165
1323,312,196,39,-1,-1,-1,-1
1324,312,196,38,-1,-1,-1,-1
1325,312,196,37,-1,-1,-1,-1
1326,312,196,39,-1,-1,-1,-1
1327,312,196,37,310,227,-1,-1
1328,312,196,37,314,224,-1,-1
1329,312,196,38,316,219,-1,-1
1330,311,197,38,319,214,-1,-1
1331,312,196,38,320,208,-1,-1
1332,312,196,38,322,201,-1,-1
1333,312,196,38,322,194,-1,-1
1334,312,196,39,322,188,-1,-1
1335,312,196,38,321,182,-1,-1
1336,312,196,38,320,176,-1,-1
1337,312,196,38,318,171,-1,-1
1338,312,196,38,315,167,-1,-1
1339,312,196,38,312,164,-1,-1
1340,312,196,36,-1,-1,-1,-1
1341,312,196,38,-1,-1,-1,-1
1342,310,196,38,-1,-1,-1,-1
1343,310,198,37,-1,-1,-1,-1
1344,312,196,37,-1,-1,315,226
1345,312,196,38,-1,-1,318,224
1346,312,196,37,-1,-1,321,220
1347,312,196,37,-1,-1,324,214
1348,312,196,37,-1,-1,325,208
1349,311,196,38,-1,-1,327,200
1350,312,196,38,-1,-1,327,194
1351,312,196,39,-1,-1,327,187
1352,312,196,38,-1,-1,324,178
1353,310,197,38,-1,-1,323,173
1354,312,196,38,-1,-1,321,169
1355,310,196,38,-1,-1,322,208
1356,310,196,37,-1,-1,323,201
1357,309,196,38,-1,-1,324,194
1358,309,196,38,-1,-1,322,186
1359,309,196,38,-1,-1,-1,-1
1360,310,196,38,-1,-1,320,173
1361,310,196,38,-1,-1,318,169
1362,310,196,39,-1,-1,317,165
1363,309,196,38,-1,-1,-1,-1
1364,310,196,38,-1,-1,-1,-1
1365,309,195,38,-1,-1,-1,-1
1366,310,196,38,-1,-1,-1,-1
1367,310,196,37,-1,-1,-1,-1
1368,310,196,38,305,224,-1,-1
1369,310,196,37,311,220,-1,-1
1370,310,196,37,312,215,-1,-1
1371,310,196,37,314,209,-1,-1
1372,309,195,38,316,204,-1,-1
1373,311,195,39,316,196,-1,-1
1374,309,195,38,317,190,-1,-1
1375,309,195,38,316,183,-1,-1
1376,309,195,38,316,177,-1,-1
1377,309,195,38,314,172,-1,-1
1378,310,195,38,312,167,-1,-1
1379,308,196,39,310,164,-1,-1
1380,308,195,38,307,163,-1,-1
1381,308,194,37,-1,-1,-1,-1
1382,308,196,37,-1,-1,-1,-1
1383,308,196,37,-1,-1,-1,-1
1384,310,194,37,-1,-1,-1,-1
1385,310,194,37,-1,-1,312,223
1386,309,194,38,-1,-1,314,221
1387,310,194,38,-1,-1,317,216
1388,309,194,38,-1,-1,319,209
1389,310,194,37,-1,-1,320,202
1390,310,194,38,-1,-1,320,195
1391,310,194,37,-1,-1,319,187
1392,310,194,37,-1,-1,319,181
1393,309,194,38,-1,-1,317,174
1394,309,194,38,-1,-1,316,169
1395,310,194,39,-1,-1,315,165
1396,309,194,38,-1,-1,-1,-1
1397,310,194,38,-1,-1,-1,-1
1398,309,194,38,-1,-1,-1,-1
1399,309,194,38,-1,-1,-1,-1
1400,309,194,38,-1,-1,-1,-1
1401,309,194,38,306,226,-1,-1
1402,309,194,38,308,221,-1,-1
1403,310,194,37,309,216,-1,-1
1404,309,194,38,311,210,-1,-1
1405,314,194,37,311,171,-1,-1
1406,312,194,38,311,166,-1,-1
1407,314,194,37,309,163,-1,-1
1408,313,193,38,-1,-1,-1,-1
1409,312,194,38,-1,-1,-1,-1
1410,313,194,37,-1,-1,-1,-1
1411,313,193,38,-1,-1,306,225
1412,312,194,38,-1,-1,308,223
1413,312,192,37,-1,-1,308,219
1414,314,192,38,-1,-1,309,215
1415,314,192,38,-1,-1,310,209
1416,314,192,38,-1,-1,310,201
1417,314,192,37,-1,-1,311,194
1418,312,192,38,-1,-1,-1,-1
1419,312,192,38,-1,-1,-1,-1
1420,312,192,37,-1,-1,310,167
1421,313,193,39,-1,-1,310,162
1422,312,192,39,-1,-1,-1,-1
1423,312,192,38,-1,-1,-1,-1
1424,312,192,38,-1,-1,-1,-1
1425,311,190,36,-1,-1,-1,-1
1426,312,191,38,-1,-1,-1,-1
1427,313,191,38,-1,-1,-1,-1
1428,312,190,37,307,217,-1,-1
1429,312,190,37,307,212,-1,-1
1430,312,191,38,309,206,-1,-1
1431,312,190,38,309,200,-1,-1
1432,312,190,37,310,193,-1,-1
1433,312,190,38,310,185,-1,-1
1434,312,190,38,311,178,-1,-1
1435,312,190,37,310,171,-1,-1
1436,312,190,38,310,165,-1,-1
1437,312,190,38,309,160,-1,-1
1438,312,190,38,309,158,-1,-1
1439,312,190,38,-1,-1,-1,-1
1440,312,190,38,-1,-1,-1,-1
1441,312,188,37,-1,-1,-1,-1
1442,312,188,37,-1,-1,-1,-1
1443,312,188,38,-1,-1,306,217
1444,312,188,37,-1,-1,307,215
1445,312,188,37,-1,-1,308,210
1446,312,188,39,-1,-1,308,204
1447,312,188,38,-1,-1,309,196
1448,311,189,38,-1,-1,309,189
1449,312,188,38,-1,-1,308,181
1450,312,188,38,-1,-1,-1,-1
1451,312,188,37,-1,-1,-1,-1
1452,312,188,38,-1,-1,308,163
1453,311,188,38,-1,-1,307,158
1454,310,196,38,303,204,-1,-1
1455,310,196,37,304,196,-1,-1
1456,310,196,37,305,189,-1,-1
1457,310,196,37,305,181,-1,-1
1458,310,196,38,305,175,-1,-1
1459,310,196,39,306,169,-1,-1
1460,310,196,38,306,165,-1,-1
1461,312,196,39,306,163,-1,-1
1462,310,196,38,-1,-1,-1,-1
1463,310,196,37,-1,-1,-1,-1
1464,311,196,38,-1,-1,-1,-1
1465,311,196,38,-1,-1,302,225
1466,312,196,39,-1,-1,301,221
1467,312,196,37,-1,-1,302,216
1468,312,196,38,-1,-1,302,208
1469,313,197,39,-1,-1,302,200
1470,312,196,37,-1,-1,301,193
1471,311,196,38,-1,-1,-1,-1
1472,312,196,38,-1,-1,-1,-1
1473,312,196,38,-1,-1,-1,-1
1474,310,197,39,-1,-1,-1,-1
1475,312,196,37,-1,-1,-1,-1
1476,312,196,37,-1,-1,-1,-1
1477,312,196,37,-1,-1,-1,-1
1478,311,197,38,-1,-1,-1,-1
1479,311,197,38,-1,-1,-1,-1
1480,311,197,38,-1,-1,-1,-1
1481,312,197,38,304,222,-1,-1
1482,312,197,38,304,216,-1,-1
1483,312,197,38,305,208,-1,-1
1484,312,198,37,305,201,-1,-1
1485,312,197,38,306,193,-1,-1
1486,312,197,38,306,186,-1,-1
1487,312,197,38,307,178,-1,-1
1488,312,196,37,307,172,-1,-1
1489,312,196,37,307,167,-1,-1
1490,312,197,38,307,165,-1,-1
1491,312,197,38,-1,-1,-1,-1
1492,312,198,37,-1,-1,-1,-1
1493,312,196,37,-1,-1,-1,-1
1494,312,196,37,-1,-1,302,225
1495,312,197,38,-1,-1,303,223
1496,312,197,38,-1,-1,303,218
1497,312,196,37,-1,-1,303,210
1498,312,197,38,-1,-1,303,202
1499,312,196,37,-1,-1,302,195
1500,312,198,37,-1,-1,-1,-1
1501,312,198,37,-1,-1,-1,-1
1502,312,198,37,-1,-1,-1,-1
1503,312,198,37,-1,-1,-1,-1
1504,312,200,38,-1,-1,-1,-1
1505,312,200,38,-1,-1,306,180
1506,312,200,38,-1,-1,-1,-1
1507,312,200,38,-1,-1,-1,-1
1508,312,200,38,-1,-1,-1,-1
1509,312,200,37,-1,-1,-1,-1
1510,312,200,38,-1,-1,-1,-1
1511,312,200,38,-1,-1,-1,-1
1512,312,200,38,315,230,-1,-1
1513,312,200,37,316,223,-1,-1
1514,312,200,37,317,214,-1,-1
1515,312,200,38,317,205,-1,-1
1516,312,199,38,317,195,-1,-1
1517,312,200,37,317,185,-1,-1
1518,312,200,37,316,177,-1,-1
1519,312,199,38,315,170,-1,-1
1520,312,199,38,314,167,-1,-1
1521,312,199,38,-1,-1,-1,-1
1522,312,198,37,-1,-1,-1,-1
1523,311,199,38,-1,-1,306,226
1524,312,198,38,-1,-1,307,219
1525,312,198,38,-1,-1,308,210
1526,312,198,38,-1,-1,309,200
1527,312,198,37,-1,-1,306,190
1528,312,198,37,-1,-1,-1,-1
1529,311,198,38,-1,-1,-1,-1
1530,311,198,38,-1,-1,305,167
1531,312,198,37,-1,-1,-1,-1
1532,310,199,39,-1,-1,-1,-1
1533,310,199,39,-1,-1,-1,-1
1534,311,197,38,-1,-1,-1,-1
1535,311,197,38,-1,-1,-1,-1
1536,311,197,38,315,223,-1,-1
1537,312,196,37,316,215,-1,-1
1538,312,197,38,317,206,-1,-1
1539,310,196,37,317,196,-1,-1
1540,312,196,38,317,186,-1,-1
1541,312,196,37,316,177,-1,-1
1542,311,196,38,316,169,-1,-1
1543,311,196,37,315,165,-1,-1
1544,311,195,38,-1,-1,-1,-1
1545,312,196,37,-1,-1,-1,-1
1546,311,195,38,-1,-1,306,224
1547,310,196,37,-1,-1,307,219
1548,310,195,38,-1,-1,308,210
1549,310,196,38,-1,-1,308,200
1550,311,195,38,-1,-1,306,189
1551,312,194,38,-1,-1,-1,-1
1552,310,194,38,-1,-1,-1,-1
1553,310,195,38,-1,-1,304,166
1554,310,190,38,314,158,-1,-1
1555,310,189,38,-1,-1,-1,-1
1556,310,189,38,-1,-1,302,221
1557,310,189,38,-1,-1,305,218
1558,310,188,37,-1,-1,306,213
1559,310,188,37,-1,-1,308,205
1560,310,189,38,-1,-1,309,195
1561,310,189,38,-1,-1,309,185
1562,310,189,38,-1,-1,-1,-1
1563,310,189,38,-1,-1,306,167
1564,310,189,38,-1,-1,-1,-1
1565,310,189,38,-1,-1,-1,-1
1566,310,188,38,-1,-1,-1,-1
1567,310,188,37,-1,-1,-1,-1
1568,310,188,37,-1,-1,-1,-1
1569,310,189,38,-1,-1,-1,-1
1570,310,188,38,-1,-1,-1,-1
1571,311,189,38,316,213,-1,-1
1572,310,188,38,317,204,-1,-1
1573,310,188,38,318,194,-1,-1
1574,310,188,38,317,184,-1,-1
1575,310,188,38,317,174,-1,-1
1576,310,188,38,316,166,-1,-1
1577,310,188,38,315,159,-1,-1
1578,310,188,38,312,155,-1,-1
1579,310,188,38,-1,-1,-1,-1
1580,310,188,37,-1,-1,305,218
1581,310,188,37,-1,-1,307,215
1582,310,188,37,-1,-1,308,209
1583,310,188,37,-1,-1,309,200
1584,310,188,38,-1,-1,310,190
1585,310,188,38,-1,-1,308,179
1586,310,188,37,-1,-1,-1,-1
1587,310,188,38,-1,-1,-1,-1
1588,310,188,38,-1,-1,-1,-1
1589,310,188,38,-1,-1,-1,-1
1590,310,188,38,-1,-1,-1,-1
1591,310,188,38,-1,-1,-1,-1
1592,310,188,37,-1,-1,-1,-1
1593,310,188,38,-1,-1,-1,-1
1594,310,188,38,317,216,-1,-1
1595,310,188,38,317,208,-1,-1
1596,310,188,38,318,200,-1,-1
1597,311,189,38,318,190,-1,-1
1598,312,189,39,318,180,-1,-1
1599,310,188,38,318,170,-1,-1
1600,312,188,38,317,163,-1,-1
1601,311,188,38,315,157,-1,-1
1602,312,188,38,-1,-1,-1,-1
1603,310,188,38,-1,-1,-1,-1
1604,311,188,38,-1,-1,307,217
1605,311,188,38,-1,-1,308,213
1606,312,188,36,-1,-1,310,206
1607,311,189,38,-1,-1,311,196
1608,311,188,39,-1,-1,310,185
1609,312,188,37,-1,-1,309,176
1610,311,189,38,-1,-1,-1,-1
1611,311,189,38,-1,-1,309,161
1612,310,190,38,-1,-1,-1,-1
1613,310,190,39,-1,-1,-1,-1
1614,311,190,38,-1,-1,-1,-1
1615,311,189,38,-1,-1,-1,-1
1616,312,190,37,-1,-1,-1,-1
1617,311,190,38,317,221,-1,-1
1618,312,190,38,318,215,-1,-1
1619,312,190,38,319,206,-1,-1
1620,312,190,38,320,197,-1,-1
1621,312,190,38,320,187,-1,-1
1622,312,190,38,319,177,-1,-1
1623,312,190,37,318,169,-1,-1
1624,312,190,38,317,162,-1,-1
1625,312,190,38,315,158,-1,-1
1626,312,190,38,-1,-1,-1,-1
1627,312,190,37,-1,-1,-1,-1
1628,312,190,37,-1,-1,309,218
1629,312,190,37,-1,-1,310,212
1630,311,191,38,-1,-1,311,204
1631,311,191,38,-1,-1,313,194
1632,311,191,38,-1,-1,311,184
1633,311,192,39,-1,-1,310,174
1634,310,193,38,-1,-1,-1,-1
1635,311,192,38,-1,-1,-1,-1
1636,311,192,38,-1,-1,-1,-1
1637,311,192,38,-1,-1,-1,-1
1638,311,192,38,-1,-1,-1,-1
1639,311,192,38,-1,-1,-1,-1
1640,312,194,37,-1,-1,-1,-1
1641,311,193,38,317,221,-1,-1
1642,312,192,37,319,214,-1,-1
1643,312,192,37,320,205,-1,-1
1644,311,193,38,321,195,-1,-1
1645,311,193,38,320,186,-1,-1
1646,312,194,38,319,176,-1,-1
1647,312,194,38,318,169,-1,-1
1648,312,194,38,317,163,-1,-1
1649,312,194,38,-1,-1,-1,-1
1650,312,194,37,-1,-1,-1,-1
1651,312,194,38,-1,-1,308,223
1652,312,194,38,-1,-1,310,219
1653,312,194,38,-1,-1,312,211
1654,312,194,38,-1,-1,313,202
1655,311,195,38,-1,-1,312,191
1656,310,195,38,-1,-1,312,182
1657,311,195,38,-1,-1,-1,-1
1658,311,195,38,-1,-1,308,168
1659,311,196,38,-1,-1,-1,-1
1660,310,197,38,-1,-1,-1,-1
1661,311,196,38,-1,-1,-1,-1
1662,312,196,37,-1,-1,-1,-1
1663,312,196,38,-1,-1,-1,-1
1664,312,196,37,316,227,-1,-1
1665,312,196,37,319,221,-1,-1
1666,311,197,38,321,212,-1,-1
1667,312,197,38,322,203,-1,-1
1668,312,198,37,322,193,-1,-1
1669,312,198,37,321,183,-1,-1
1670,312,197,38,320,175,-1,-1
1671,312,197,38,318,168,-1,-1
1672,312,197,38,314,165,-1,-1
1673,312,198,37,-1,-1,-1,-1
1674,312,198,37,-1,-1,309,228
1675,312,198,37,-1,-1,311,225
1676,312,198,37,-1,-1,313,218
1677,312,198,37,-1,-1,314,209
1678,312,198,38,-1,-1,313,188
1679,312,198,38,-1,-1,312,180
1680,312,198,38,-1,-1,311,173
1681,311,199,38,-1,-1,-1,-1
1682,311,199,38,-1,-1,-1,-1
1683,311,199,38,-1,-1,-1,-1
1684,312,200,37,-1,-1,-1,-1
1685,312,200,38,-1,-1,-1,-1
1686,312,200,37,-1,-1,-1,-1
1687,312,200,37,319,227,-1,-1
1688,312,200,38,321,219,-1,-1
1689,312,200,38,322,210,-1,-1
1690,312,200,37,323,200,-1,-1
1691,312,200,37,322,190,-1,-1
1692,312,200,37,321,181,-1,-1
1693,312,200,38,319,174,-1,-1
1694,312,200,37,317,169,-1,-1
1695,312,200,37,-1,-1,-1,-1
1696,312,200,38,-1,-1,-1,-1
1697,311,200,37,-1,-1,310,228
1698,312,200,38,-1,-1,312,224
1699,312,200,38,-1,-1,314,216
1700,311,201,38,-1,-1,315,206
1701,311,201,38,-1,-1,314,195
1702,311,201,38,-1,-1,313,186
1703,312,202,37,-1,-1,312,178
1704,311,201,38,-1,-1,-1,-1
1705,311,201,38,-1,-1,-1,-1
1706,311,201,38,-1,-1,-1,-1
1707,311,202,38,-1,-1,-1,-1
1708,312,202,36,-1,-1,-1,-1
1709,312,202,36,-1,-1,-1,-1
1710,312,202,38,318,232,-1,-1
1711,312,202,38,321,225,-1,-1
1712,312,202,37,322,216,-1,-1
1713,312,202,37,323,207,-1,-1
1714,312,202,37,322,197,-1,-1
1715,312,202,37,322,187,-1,-1
1716,312,202,38,320,179,-1,-1
1717,312,202,38,318,173,-1,-1
1718,312,202,38,314,169,-1,-1
1719,312,202,38,-1,-1,-1,-1
1720,312,202,38,-1,-1,310,232
1721,313,203,39,-1,-1,312,229
1722,312,202,38,-1,-1,314,222
1723,312,202,37,-1,-1,316,213
1724,312,202,37,-1,-1,317,203
1725,312,202,38,-1,-1,315,192
1726,310,204,37,-1,-1,314,184
1727,312,202,39,-1,-1,312,177
1728,312,202,38,-1,-1,-1,-1
1729,312,202,38,-1,-1,-1,-1
1730,311,202,37,-1,-1,-1,-1
1731,312,202,37,-1,-1,-1,-1
1732,312,202,37,-1,-1,-1,-1
1733,312,202,37,-1,-1,-1,-1
1734,312,202,37,320,230,-1,-1
1735,312,202,36,322,223,-1,-1
1736,312,202,36,323,213,-1,-1
1737,312,203,37,324,204,-1,-1
1738,312,202,37,323,194,-1,-1
1739,312,202,38,322,185,-1,-1
1740,312,201,38,321,177,-1,-1
1741,312,201,38,318,171,-1,-1
1742,312,201,39,-1,-1,-1,-1
1743,312,202,37,-1,-1,-1,-1
1744,312,202,37,-1,-1,312,231
1745,311,201,38,-1,-1,314,227
1746,312,202,37,-1,-1,316,219
1747,312,202,37,-1,-1,317,210
1748,311,202,37,-1,-1,317,200
1749,312,202,37,-1,-1,315,190
1750,311,201,38,-1,-1,-1,-1
1751,312,202,37,-1,-1,312,175
1752,311,201,38,-1,-1,-1,-1
1753,311,201,38,-1,-1,-1,-1
1754,312,200,36,-1,-1,-1,-1
1755,312,202,37,-1,-1,-1,-1
1756,311,201,38,-1,-1,-1,-1
1757,312,200,37,-1,-1,-1,-1
1758,311,201,38,321,229,-1,-1
1759,311,201,38,323,221,-1,-1
1760,312,200,37,324,212,-1,-1
1761,312,201,37,325,203,-1,-1
1762,312,201,37,324,193,-1,-1
1763,312,200,37,323,184,-1,-1
1764,311,200,38,322,176,-1,-1
1765,311,200,38,319,170,-1,-1
1766,312,200,36,-1,-1,-1,-1
1767,312,200,37,-1,-1,-1,-1
1768,312,200,37,-1,-1,311,229
1769,312,199,38,-1,-1,314,226
1770,312,200,37,-1,-1,317,219
1771,311,199,38,-1,-1,318,210
1772,312,200,37,-1,-1,319,200
1773,312,199,38,-1,-1,317,190
1774,311,199,38,-1,-1,-1,-1
1775,312,199,38,-1,-1,315,174
1776,312,199,38,-1,-1,312,169
1777,311,199,38,-1,-1,-1,-1
1778,311,199,38,-1,-1,-1,-1
1779,312,198,37,-1,-1,-1,-1
1780,312,198,37,-1,-1,-1,-1
1781,312,198,37,-1,-1,-1,-1
1782,312,198,38,321,228,-1,-1
1783,312,198,36,323,221,-1,-1
1784,312,198,37,325,213,-1,-1
1785,313,197,38,326,203,-1,-1
1786,312,198,37,326,194,-1,-1
1787,312,197,38,325,184,-1,-1
1788,312,197,38,323,176,-1,-1
1789,311,197,38,321,169,-1,-1
1790,312,196,37,319,165,-1,-1
1791,312,196,37,-1,-1,-1,-1
1792,312,196,38,-1,-1,310,227
1793,312,196,38,-1,-1,314,224
1794,311,197,38,-1,-1,317,219
1795,311,196,38,-1,-1,319,211
1796,312,196,39,-1,-1,321,202
1797,311,195,38,-1,-1,319,190
1798,312,196,37,-1,-1,319,182
1799,311,195,38,-1,-1,316,174
1800,312,196,37,-1,-1,316,168
1801,312,195,38,-1,-1,-1,-1
1802,310,197,37,-1,-1,-1,-1
1803,312,195,38,-1,-1,-1,-1
1804,312,195,38,-1,-1,-1,-1
1805,312,194,36,-1,-1,-1,-1
1806,312,194,37,-1,-1,-1,-1
1807,312,194,37,323,222,-1,-1
1808,312,194,37,325,214,-1,-1
1809,312,194,37,326,205,-1,-1
1810,312,194,38,327,196,-1,-1
1811,312,194,38,327,186,-1,-1
1812,312,194,37,325,177,-1,-1
1813,312,194,37,323,169,-1,-1
1814,312,193,38,320,163,-1,-1
1815,312,193,38,-1,-1,-1,-1
1816,312,192,37,-1,-1,-1,-1
1817,312,192,37,-1,-1,312,222
1818,312,192,37,-1,-1,316,219
1819,312,192,37,-1,-1,319,212
1820,312,192,37,-1,-1,321,204
1821,312,192,38,-1,-1,323,193
1822,313,193,38,-1,-1,320,183
1823,312,192,39,-1,-1,319,174
1824,312,192,38,-1,-1,317,168
1825,312,193,39,-1,-1,314,162
1826,312,193,38,-1,-1,-1,-1
1827,312,192,37,-1,-1,-1,-1
1828,312,192,38,-1,-1,-1,-1
1829,312,192,38,-1,-1,-1,-1
1830,312,192,37,-1,-1,-1,-1
1831,312,192,37,-1,-1,-1,-1
1832,312,192,37,324,216,-1,-1
1833,312,192,38,326,207,-1,-1
1834,312,192,37,328,198,-1,-1
1835,312,192,37,328,188,-1,-1
1836,312,191,38,327,179,-1,-1
1837,312,191,38,325,170,-1,-1
1838,312,190,38,322,163,-1,-1
1839,312,190,38,320,159,-1,-1
1840,312,190,37,-1,-1,-1,-1
1841,312,190,37,-1,-1,-1,-1
1842,312,190,37,-1,-1,315,218
1843,312,190,38,-1,-1,319,214
1844,312,190,38,-1,-1,321,206
1845,312,190,38,-1,-1,323,197
1846,312,190,38,-1,-1,323,187
1847,310,192,37,-1,-1,321,177
1848,312,190,36,-1,-1,318,169
1849,312,190,38,-1,-1,316,163
1850,312,190,38,-1,-1,-1,-1
1851,312,191,38,-1,-1,-1,-1
1852,312,190,39,-1,-1,-1,-1
1853,312,190,38,-1,-1,-1,-1
1854,312,190,38,-1,-1,-1,-1
1855,312,190,38,-1,-1,-1,-1
1856,312,190,37,324,217,-1,-1
1857,312,190,38,326,210,-1,-1
1858,312,190,37,328,202,-1,-1
1859,312,190,37,329,192,-1,-1
1860,312,190,38,328,183,-1,-1
1861,312,190,38,327,173,-1,-1
1862,312,190,38,324,166,-1,-1
1863,312,190,38,321,160,-1,-1
1864,312,190,37,-1,-1,-1,-1
1865,312,190,38,-1,-1,-1,-1
1866,312,190,39,-1,-1,314,220
1867,312,190,37,-1,-1,318,216
1868,312,190,37,-1,-1,321,209
1869,312,190,37,-1,-1,323,200
1870,312,190,38,-1,-1,324,190
1871,312,190,38,-1,-1,322,180
1872,312,190,37,-1,-1,321,171
1873,312,190,38,-1,-1,318,164
1874,312,190,38,-1,-1,-1,-1
1875,312,190,39,-1,-1,-1,-1
1876,312,190,39,-1,-1,-1,-1
1877,312,190,39,-1,-1,-1,-1
1878,312,190,37,-1,-1,-1,-1
1879,312,190,37,-1,-1,-1,-1
1880,312,190,38,324,220,-1,-1
1881,311,191,38,326,213,-1,-1
1882,312,190,37,328,205,-1,-1
1883,312,190,37,329,196,-1,-1
1884,311,191,38,329,186,-1,-1
1885,311,191,38,327,176,-1,-1
1886,311,191,38,325,168,-1,-1
1887,312,191,38,322,162,-1,-1
1888,311,191,38,-1,-1,-1,-1
1889,311,191,38,-1,-1,-1,-1
1890,311,191,38,-1,-1,314,222
1891,312,191,38,-1,-1,318,219
1892,311,191,38,-1,-1,321,213
1893,312,192,38,-1,-1,323,204
1894,312,192,37,-1,-1,325,195
1895,312,192,38,-1,-1,323,184
1896,310,193,38,-1,-1,322,174
1897,311,192,38,-1,-1,321,168
1898,312,192,38,-1,-1,-1,-1
1899,312,192,39,-1,-1,-1,-1
1900,312,192,37,-1,-1,-1,-1
1901,312,193,38,-1,-1,-1,-1
1902,312,192,37,-1,-1,-1,-1
1903,312,194,37,-1,-1,-1,-1
1904,311,193,38,-1,-1,-1,-1
1905,312,193,38,326,216,-1,-1
1906,312,194,37,328,209,-1,-1
1907,312,194,38,330,200,-1,-1
1908,312,194,37,330,190,-1,-1
1909,312,194,38,329,180,-1,-1
1910,312,194,38,326,172,-1,-1
1911,312,194,38,323,166,-1,-1
1912,312,194,38,315,161,-1,-1
1913,312,194,37,-1,-1,-1,-1
1914,312,194,38,-1,-1,315,225
1915,312,194,38,-1,-1,318,222
1916,312,194,37,-1,-1,321,216
1917,312,194,37,-1,-1,324,207
1918,312,194,38,-1,-1,326,198
1919,312,194,37,-1,-1,324,188
1920,312,195,38,-1,-1,323,178
1921,312,195,38,-1,-1,320,171
1922,312,195,38,-1,-1,317,166
1923,312,196,38,-1,-1,-1,-1
1924,312,196,38,-1,-1,-1,-1
1925,312,196,38,-1,-1,-1,-1
1926,312,196,37,-1,-1,-1,-1
1927,312,196,38,-1,-1,-1,-1
1928,312,196,37,-1,-1,-1,-1
1929,313,197,38,327,220,-1,-1
1930,312,196,37,329,213,-1,-1
1931,313,197,38,330,204,-1,-1
1932,312,198,37,331,194,-1,-1
1933,312,198,37,330,184,-1,-1
1934,312,198,37,327,176,-1,-1
1935,312,198,38,324,170,-1,-1
1936,313,198,39,319,165,-1,-1
1937,312,198,38,-1,-1,-1,-1
1938,312,198,37,-1,-1,314,229
1939,312,198,37,-1,-1,319,225
1940,312,198,37,-1,-1,323,220
1941,312,198,37,-1,-1,325,212
1942,313,198,39,-1,-1,327,202
1943,312,198,38,-1,-1,325,191
1944,312,199,38,-1,-1,324,183
1945,312,199,38,-1,-1,323,175
1946,312,198,37,-1,-1,318,170
1947,312,199,38,-1,-1,-1,-1
1948,312,201,37,-1,-1,-1,-1
1949,312,200,38,-1,-1,-1,-1
1950,312,200,38,-1,-1,-1,-1
1951,312,200,37,-1,-1,-1,-1
1952,312,200,37,-1,-1,-1,-1
1953,313,201,38,327,224,-1,-1
1954,313,201,38,330,216,-1,-1
1955,313,201,38,332,207,-1,-1
1956,312,200,37,332,198,-1,-1
1957,313,201,38,331,189,-1,-1
1958,313,201,38,328,180,-1,-1
1959,313,201,38,325,174,-1,-1
1960,313,201,38,321,170,-1,-1
1961,313,201,38,-1,-1,-1,-1
1962,313,201,38,-1,-1,317,232
1963,312,202,37,-1,-1,320,229
1964,313,201,38,-1,-1,324,223
1965,314,202,36,-1,-1,327,215
1966,313,202,38,-1,-1,328,206
1967,313,202,38,-1,-1,327,195
1968,313,202,39,-1,-1,325,186
1969,313,201,38,-1,-1,322,178
1970,312,202,38,-1,-1,-1,-1
1971,312,203,38,-1,-1,-1,-1
1972,312,203,38,-1,-1,-1,-1
1973,313,203,38,-1,-1,-1,-1
1974,314,204,37,-1,-1,-1,-1
1975,314,204,37,-1,-1,-1,-1
1976,314,204,37,-1,-1,-1,-1
1977,314,203,38,328,227,-1,-1
1978,313,203,38,331,220,-1,-1
1979,313,203,38,333,211,-1,-1
1980,314,204,37,333,202,-1,-1
1981,314,203,38,332,192,-1,-1
1982,313,203,38,329,183,-1,-1
1983,313,203,38,325,176,-1,-1
1984,313,203,38,321,172,-1,-1
1985,313,203,38,-1,-1,-1,-1
1986,313,203,38,-1,-1,317,235
1987,314,204,37,-1,-1,321,232
1988,314,204,37,-1,-1,325,227
1989,314,204,38,-1,-1,328,219
1990,314,204,37,-1,-1,330,209
1991,314,204,37,-1,-1,328,199
1992,314,204,37,-1,-1,327,189
1993,314,204,37,-1,-1,324,182
1994,312,205,38,-1,-1,321,176
1995,312,205,38,-1,-1,-1,-1
1996,312,205,38,-1,-1,-1,-1
1997,313,205,38,-1,-1,-1,-1
1998,314,206,39,-1,-1,-1,-1
1999,314,205,38,-1,-1,-1,-1
2000,313,205,38,-1,-1,-1,-1
2001,313,205,38,328,231,-1,-1
2002,313,204,36,332,224,-1,-1
2003,313,205,38,333,215,-1,-1
2004,313,205,38,334,205,-1,-1
2005,314,206,37,333,196,-1,-1
2006,313,205,38,331,187,-1,-1
2007,314,205,38,327,179,-1,-1
2008,313,205,38,323,175,-1,-1
2009,313,205,38,-1,-1,-1,-1
2010,314,205,38,-1,-1,-1,-1
2011,314,204,37,-1,-1,320,233
2012,313,205,38,-1,-1,325,230
2013,313,205,38,-1,-1,328,222
2014,314,206,37,-1,-1,330,214
2015,314,204,37,-1,-1,330,203
2016,314,204,37,-1,-1,-1,-1
2017,313,205,38,-1,-1,326,185
2018,313,205,38,-1,-1,324,179
2019,312,206,38,-1,-1,-1,-1
2020,312,205,38,-1,-1,-1,-1
2021,313,206,37,-1,-1,-1,-1
2022,314,206,37,-1,-1,-1,-1
2023,314,206,37,-1,-1,-1,-1
2024,314,206,37,-1,-1,-1,-1
2025,314,206,37,328,233,-1,-1
2026,314,206,37,331,227,-1,-1
2027,313,205,38,333,219,-1,-1
2028,313,205,38,335,209,-1,-1
2029,313,205,38,334,200,-1,-1
2030,313,205,38,333,191,-1,-1
2031,313,205,38,330,182,-1,-1
2032,314,204,38,326,176,-1,-1
2033,314,204,37,321,173,-1,-1
2034,314,204,37,-1,-1,-1,-1
2035,314,204,37,-1,-1,-1,-1
2036,314,204,38,-1,-1,324,231
2037,314,204,37,-1,-1,328,226
2038,313,204,38,-1,-1,331,217
2039,314,204,38,-1,-1,332,208
2040,314,204,37,-1,-1,332,197
2041,314,204,36,-1,-1,-1,-1
2042,314,204,38,-1,-1,325,180
2043,313,204,38,-1,-1,322,175
2044,314,204,40,-1,-1,317,170
2045,314,204,36,-1,-1,-1,-1
2046,314,204,37,-1,-1,-1,-1
2047,314,204,36,-1,-1,-1,-1
2048,313,204,38,-1,-1,-1,-1
2049,314,204,37,-1,-1,-1,-1
2050,314,204,37,329,230,-1,-1
2051,314,203,38,333,222,-1,-1
2052,314,202,36,335,214,-1,-1
2053,314,204,37,336,204,-1,-1
2054,314,204,37,335,194,-1,-1
2055,314,202,37,333,185,-1,-1
2056,313,203,38,329,177,-1,-1
2057,314,202,38,324,172,-1,-1
2058,314,202,38,-1,-1,-1,-1
2059,314,202,37,-1,-1,-1,-1
2060,313,202,38,-1,-1,322,231
2061,314,202,38,-1,-1,327,227
2062,313,202,38,-1,-1,330,220
2063,313,202,38,-1,-1,333,211
2064,313,202,38,-1,-1,334,202
2065,314,202,38,-1,-1,332,191
2066,313,202,38,-1,-1,331,183
2067,313,201,38,-1,-1,326,176
2068,313,202,38,-1,-1,-1,-1
2069,313,202,39,-1,-1,-1,-1
2070,314,202,39,-1,-1,-1,-1
2071,314,201,38,-1,-1,-1,-1
2072,314,202,37,-1,-1,-1,-1
2073,314,202,37,-1,-1,-1,-1
2074,314,202,37,327,229,-1,-1
2075,314,200,37,331,224,-1,-1
2076,314,200,37,334,217,-1,-1
2077,314,200,38,336,206,-1,-1
2078,313,201,38,336,197,-1,-1
2079,314,200,38,335,188,-1,-1
2080,314,200,38,332,179,-1,-1
2081,314,200,38,328,172,-1,-1
2082,314,200,38,324,169,-1,-1
2083,314,200,37,-1,-1,-1,-1
2084,314,200,37,-1,-1,-1,-1
2085,314,199,38,-1,-1,325,227
2086,314,199,38,-1,-1,330,222
2087,314,200,37,-1,-1,333,214
2088,314,200,37,-1,-1,335,204
2089,314,198,37,-1,-1,334,193
2090,313,199,38,-1,-1,332,183
2091,313,199,38,-1,-1,329,176
2092,313,199,38,-1,-1,-1,-1
2093,312,199,37,-1,-1,-1,-1
2094,314,199,38,-1,-1,-1,-1
2095,314,198,37,-1,-1,-1,-1
2096,314,198,38,-1,-1,-1,-1
2097,314,198,38,-1,-1,-1,-1
2098,314,198,37,-1,-1,-1,-1
2099,314,198,37,-1,-1,-1,-1
2100,314,198,36,334,217,-1,-1
2101,314,198,38,336,209,-1,-1
2102,315,198,38,337,199,-1,-1
2103,314,198,38,337,189,-1,-1
2104,314,198,38,334,180,-1,-1
2105,314,198,38,330,172,-1,-1
2106,314,198,38,325,167,-1,-1
2107,314,197,38,-1,-1,-1,-1
2108,314,197,38,-1,-1,-1,-1
2109,314,198,37,-1,-1,324,226
2110,314,198,37,-1,-1,328,222
2111,316,198,39,-1,-1,333,215
2112,314,197,38,-1,-1,335,205
2113,314,197,38,-1,-1,337,196
2114,314,196,37,-1,-1,334,187
2115,314,196,37,-1,-1,332,177
2116,314,197,38,-1,-1,-1,-1
2117,313,196,39,-1,-1,-1,-1
2118,314,197,38,-1,-1,-1,-1
2119,314,197,38,-1,-1,-1,-1
2120,314,196,37,-1,-1,-1,-1
2121,314,198,37,-1,-1,-1,-1
2122,316,198,37,-1,-1,-1,-1
2123,315,197,38,329,226,-1,-1
2124,314,196,36,333,217,-1,-1
2125,315,197,38,337,209,-1,-1
2126,315,197,38,338,200,-1,-1
2127,316,196,37,338,191,-1,-1
2128,315,197,38,336,182,-1,-1
2129,314,196,37,333,173,-1,-1
2130,315,197,38,328,168,-1,-1
2131,315,196,39,323,163,-1,-1
2132,316,196,37,-1,-1,-1,-1
2133,316,196,37,-1,-1,-1,-1
2134,316,196,37,-1,-1,328,222
2135,316,196,37,-1,-1,333,216
2136,316,196,37,-1,-1,336,207
2137,316,196,37,-1,-1,338,197
2138,316,196,38,-1,-1,336,187
2139,316,198,39,-1,-1,333,178
2140,314,196,39,-1,-1,331,171
2141,315,196,39,-1,-1,-1,-1
2142,314,196,38,-1,-1,-1,-1
2143,315,196,39,-1,-1,-1,-1
2144,315,197,38,-1,-1,-1,-1
2145,315,196,38,-1,-1,-1,-1
2146,315,197,38,-1,-1,-1,-1
2147,316,196,38,-1,-1,-1,-1
2148,316,196,37,334,219,-1,-1
2149,315,197,38,337,211,-1,-1
2150,315,197,38,339,201,-1,-1
2151,316,196,38,339,192,-1,-1
2152,315,197,38,337,182,-1,-1
2153,315,197,38,334,174,-1,-1
2154,315,196,38,329,167,-1,-1
2155,315,196,39,323,163,-1,-1
2156,316,196,38,-1,-1,-1,-1
2157,316,196,37,-1,-1,-1,-1
2158,316,196,38,-1,-1,329,223
2159,316,196,37,-1,-1,334,217
2160,316,196,37,-1,-1,337,208
2161,316,196,37,-1,-1,338,198
2162,316,196,37,-1,-1,338,188
2163,315,196,39,-1,-1,-1,-1
2164,313,198,36,-1,-1,-1,-1
2165,315,197,38,-1,-1,-1,-1
2166,315,198,38,-1,-1,-1,-1
2167,315,197,38,-1,-1,-1,-1
2168,316,198,37,-1,-1,-1,-1
2169,315,197,38,-1,-1,-1,-1
2170,315,197,38,-1,-1,-1,-1
2171,315,198,38,-1,-1,-1,-1
2172,316,198,37,335,220,-1,-1
2173,316,198,38,338,213,-1,-1
2174,316,198,38,339,203,-1,-1
2175,316,198,37,339,193,-1,-1
2176,316,198,39,337,184,-1,-1
2177,316,198,38,335,176,-1,-1
2178,315,198,39,329,169,-1,-1
2179,316,198,38,-1,-1,-1,-1
2180,316,198,38,-1,-1,-1,-1
2181,316,198,37,-1,-1,-1,-1
2182,316,198,38,-1,-1,330,224
2183,316,197,37,-1,-1,335,217
2184,316,198,37,-1,-1,338,208
2185,316,198,37,-1,-1,340,199
2186,316,198,38,-1,-1,338,189
2187,316,198,38,-1,-1,335,180
2188,316,198,38,-1,-1,332,173
2189,315,197,40,-1,-1,327,167
2190,316,198,39,-1,-1,-1,-1
2191,316,198,37,-1,-1,-1,-1
2192,316,198,37,-1,-1,-1,-1
2193,316,198,37,-1,-1,-1,-1
2194,316,200,37,-1,-1,-1,-1
2195,316,199,38,-1,-1,-1,-1
2196,315,199,38,335,221,-1,-1
2197,316,198,36,339,212,-1,-1
2198,315,199,38,341,204,-1,-1
2199,315,199,38,340,193,-1,-1
2200,316,200,39,338,185,-1,-1
2201,317,199,38,335,176,-1,-1
2202,316,199,38,329,171,-1,-1
2203,316,199,38,-1,-1,-1,-1
2204,316,199,38,-1,-1,-1,-1
2205,316,200,37,-1,-1,-1,-1
2206,315,199,38,-1,-1,332,225
2207,315,199,38,-1,-1,337,218
2208,316,199,38,-1,-1,340,209
2209,316,200,39,-1,-1,341,200
2210,316,200,37,-1,-1,339,189
2211,316,199,38,-1,-1,336,181
2212,316,200,39,-1,-1,332,174
2213,316,200,39,-1,-1,-1,-1
2214,316,200,38,-1,-1,-1,-1
2215,316,200,37,-1,-1,-1,-1
2216,316,200,38,-1,-1,-1,-1
2217,316,200,38,-1,-1,-1,-1
2218,316,200,37,-1,-1,-1,-1
2219,316,200,37,-1,-1,-1,-1
2220,316,200,37,336,222,-1,-1
2221,317,201,38,340,213,-1,-1
2222,316,200,38,341,205,-1,-1
2223,316,200,38,341,195,-1,-1
2224,315,201,38,339,185,-1,-1
2225,315,201,38,335,177,-1,-1
2226,316,200,37,329,172,-1,-1
2227,316,200,37,-1,-1,-1,-1
2228,316,200,37,-1,-1,-1,-1
2229,315,201,38,-1,-1,328,231
2230,316,200,37,-1,-1,333,224
2231,315,201,38,-1,-1,338,219
2232,315,201,38,-1,-1,341,210
2233,317,201,39,-1,-1,342,201
2234,316,201,38,-1,-1,341,191
2235,316,201,38,-1,-1,338,182
2236,316,201,38,-1,-1,334,176
2237,316,201,39,-1,-1,-1,-1
2238,316,202,38,-1,-1,-1,-1
2239,316,202,36,-1,-1,-1,-1
2240,316,202,37,-1,-1,-1,-1
2241,316,202,37,-1,-1,-1,-1
2242,316,202,38,-1,-1,-1,-1
2243,316,202,37,-1,-1,-1,-1
2244,316,202,38,337,224,-1,-1
2245,316,202,37,341,215,-1,-1
2246,316,202,37,343,205,-1,-1
2247,316,202,38,342,195,-1,-1
2248,316,202,38,340,187,-1,-1
2249,316,202,38,335,178,-1,-1
2250,316,202,38,329,173,-1,-1
2251,316,202,38,-1,-1,-1,-1
2252,316,202,38,-1,-1,-1,-1
2253,316,202,38,-1,-1,-1,-1
2254,316,202,37,-1,-1,335,225
2255,316,202,38,-1,-1,339,219
2256,316,202,37,-1,-1,342,211
2257,316,202,38,-1,-1,343,201
2258,316,203,38,-1,-1,342,192
2259,316,202,37,-1,-1,339,182
2260,316,202,38,-1,-1,334,176
2261,316,202,37,-1,-1,-1,-1
2262,316,202,38,-1,-1,-1,-1
2263,316,202,37,-1,-1,-1,-1
2264,316,202,36,-1,-1,-1,-1
2265,316,202,38,-1,-1,-1,-1
2266,316,202,37,-1,-1,-1,-1
2267,316,202,37,-1,-1,-1,-1
2268,316,202,37,338,222,-1,-1
2269,316,202,38,342,214,-1,-1
2270,316,202,38,343,204,-1,-1
2271,316,202,38,343,195,-1,-1
2272,316,202,38,340,186,-1,-1
2273,317,203,38,336,179,-1,-1
2274,316,202,38,328,172,-1,-1
2275,316,202,38,-1,-1,-1,-1
2276,316,202,37,-1,-1,-1,-1
2277,316,202,37,-1,-1,-1,-1
2278,316,202,37,-1,-1,337,224
2279,316,202,38,-1,-1,340,219
2280,316,202,37,-1,-1,343,210
2281,316,202,37,-1,-1,345,200
2282,316,201,39,-1,-1,343,190
2283,316,202,38,-1,-1,339,181
2284,315,201,38,-1,-1,-1,-1
2285,315,202,38,-1,-1,-1,-1
2286,316,202,38,-1,-1,-1,-1
2287,316,202,38,-1,-1,-1,-1
2288,317,203,39,-1,-1,-1,-1
2289,316,202,38,-1,-1,-1,-1
2290,316,202,38,-1,-1,-1,-1
2291,316,202,37,-1,-1,-1,-1
2292,318,202,39,339,220,-1,-1
2293,316,202,37,342,212,-1,-1
2294,316,202,38,344,203,-1,-1
2295,316,202,37,343,193,-1,-1
2296,316,200,39,339,183,-1,-1
2297,316,201,38,334,176,-1,-1
2298,316,201,38,327,171,-1,-1
2299,315,201,38,-1,-1,-1,-1
2300,316,200,37,-1,-1,-1,-1
2301,315,201,38,-1,-1,-1,-1
2302,316,200,37,-1,-1,-1,-1
2303,316,200,37,-1,-1,341,215
2304,316,200,39,-1,-1,344,207
2305,316,200,38,-1,-1,345,197
2306,316,200,38,-1,-1,343,187
2307,316,200,39,-1,-1,338,179
2308,316,200,38,-1,-1,-1,-1
2309,316,200,39,-1,-1,-1,-1
2310,316,199,36,-1,-1,-1,-1
2311,316,200,37,-1,-1,-1,-1
2312,316,200,36,-1,-1,-1,-1
2313,315,201,38,-1,-1,-1,-1
2314,316,200,37,-1,-1,-1,-1
2315,316,200,37,-1,-1,-1,-1
2316,316,200,37,340,218,-1,-1
2317,316,200,38,342,209,-1,-1
2318,316,200,38,343,199,-1,-1
2319,316,201,38,342,189,-1,-1
2320,316,200,39,338,180,-1,-1
2321,315,199,38,333,173,-1,-1
2322,315,199,38,329,170,-1,-1
2323,316,200,37,-1,-1,-1,-1
2324,316,200,37,-1,-1,-1,-1
2325,316,200,37,-1,-1,-1,-1
2326,316,200,37,-1,-1,337,221
2327,315,199,38,-1,-1,342,213
2328,316,198,37,-1,-1,344,203
2329,316,198,39,-1,-1,344,193
2330,315,198,39,-1,-1,342,184
2331,315,198,39,-1,-1,338,176
2332,315,199,38,-1,-1,-1,-1
2333,315,199,38,-1,-1,-1,-1
2334,316,198,37,-1,-1,-1,-1
2335,316,198,36,-1,-1,-1,-1
2336,316,198,38,-1,-1,-1,-1
2337,315,199,38,-1,-1,-1,-1
2338,316,198,37,-1,-1,-1,-1
2339,316,198,38,336,222,-1,-1
2340,314,198,37,339,214,-1,-1
2341,316,198,37,343,205,-1,-1
2342,315,198,38,343,196,-1,-1
2343,316,198,38,341,186,-1,-1
2344,315,198,38,338,176,-1,-1
2345,315,198,38,331,170,-1,-1
2346,316,198,38,-1,-1,-1,-1
2347,315,198,38,-1,-1,-1,-1
2348,315,197,38,-1,-1,-1,-1
2349,315,197,38,-1,-1,-1,-1
2350,315,198,38,-1,-1,339,217
2351,315,197,38,-1,-1,343,209
2352,314,196,37,-1,-1,344,198
2353,314,196,37,-1,-1,343,189
2354,314,196,39,-1,-1,341,180
2355,315,196,39,-1,-1,338,172
2356,314,196,39,-1,-1,-1,-1
2357,315,196,38,-1,-1,-1,-1
2358,314,197,38,-1,-1,-1,-1
2359,315,197,38,-1,-1,-1,-1
2360,314,196,39,-1,-1,-1,-1
2361,314,196,38,-1,-1,-1,-1
2362,316,196,37,-1,-1,-1,-1
2363,314,196,37,-1,-1,-1,-1
2364,315,196,37,340,211,-1,-1
2365,316,196,37,343,202,-1,-1
2366,315,196,39,343,192,-1,-1
2367,315,196,38,341,182,-1,-1
2368,314,196,38,336,174,-1,-1
2369,315,195,38,330,167,-1,-1
2370,315,196,38,-1,-1,-1,-1
2371,314,196,38,-1,-1,-1,-1
2372,315,195,38,-1,-1,-1,-1
2373,314,196,37,-1,-1,-1,-1
2374,314,196,37,-1,-1,-1,-1
2375,314,195,38,-1,-1,343,205
2376,314,195,38,-1,-1,344,196
2377,313,194,39,-1,-1,344,187
2378,315,196,37,-1,-1,-1,-1
2379,314,195,38,-1,-1,-1,-1
2380,313,195,38,-1,-1,-1,-1
2381,314,196,38,-1,-1,-1,-1
2382,314,196,37,-1,-1,-1,-1
2383,314,195,38,-1,-1,-1,-1
2384,314,194,36,-1,-1,-1,-1
2385,315,196,37,-1,-1,-1,-1
2386,314,194,37,-1,-1,-1,-1
2387,316,194,37,337,216,-1,-1
2388,314,195,38,341,209,-1,-1
2389,316,194,37,343,201,-1,-1
2390,315,194,39,343,191,-1,-1
2391,316,194,40,341,182,-1,-1
2392,314,194,39,338,174,-1,-1
2393,315,195,38,331,167,-1,-1
2394,314,194,39,326,163,-1,-1
2395,314,194,38,-1,-1,-1,-1
2396,316,194,37,-1,-1,-1,-1
2397,314,194,37,-1,-1,-1,-1
2398,315,194,38,-1,-1,340,213
2399,315,194,39,-1,-1,344,206
2400,314,194,38,-1,-1,345,197
2401,314,194,38,-1,-1,345,187
2402,315,194,38,-1,-1,343,178
2403,314,194,38,-1,-1,-1,-1
2404,314,194,38,-1,-1,-1,-1
2405,314,194,38,-1,-1,-1,-1
2406,315,194,38,-1,-1,-1,-1
2407,315,194,38,-1,-1,-1,-1
2408,314,194,39,-1,-1,-1,-1
2409,314,194,36,-1,-1,-1,-1
2410,316,194,37,-1,-1,-1,-1
2411,316,194,37,-1,-1,-1,-1
2412,316,194,38,341,211,-1,-1
2413,316,194,38,343,202,-1,-1
2414,316,194,37,344,192,-1,-1
2415,315,194,38,342,183,-1,-1
2416,316,194,36,338,174,-1,-1
2417,315,194,38,332,167,-1,-1
2418,315,194,38,328,164,-1,-1
2419,315,194,38,-1,-1,-1,-1
2420,316,194,37,-1,-1,-1,-1
2421,316,194,37,-1,-1,-1,-1
2422,316,194,37,-1,-1,-1,-1
2423,315,194,38,-1,-1,343,207
2424,316,194,37,-1,-1,346,197
2425,316,194,38,-1,-1,346,189
2426,315,194,38,-1,-1,344,181
2427,316,194,39,-1,-1,-1,-1
2428,315,195,38,-1,-1,-1,-1
2429,315,194,36,-1,-1,-1,-1
2430,315,195,38,-1,-1,-1,-1
2431,316,194,37,-1,-1,-1,-1
2432,316,194,36,-1,-1,-1,-1
2433,316,196,37,-1,-1,-1,-1
2434,316,196,37,-1,-1,-1,-1
2435,316,196,37,-1,-1,-1,-1
2436,316,196,37,340,214,-1,-1
2437,316,196,37,343,206,-1,-1
2438,315,195,38,344,197,-1,-1
2439,315,195,38,343,187,-1,-1
2440,315,196,39,342,179,-1,-1
2441,316,195,39,336,171,-1,-1
2442,316,195,38,327,166,-1,-1
2443,316,195,38,-1,-1,-1,-1
2444,316,195,38,-1,-1,-1,-1
2445,316,195,38,-1,-1,-1,-1
2446,316,195,38,-1,-1,-1,-1
2447,315,196,37,-1,-1,-1,-1
2448,316,196,37,-1,-1,-1,-1
2449,316,196,37,-1,-1,347,194
2450,316,196,37,-1,-1,-1,-1
2451,316,196,36,-1,-1,-1,-1
2452,315,196,38,-1,-1,-1,-1
2453,316,196,38,-1,-1,-1,-1
2454,315,196,39,-1,-1,-1,-1
2455,315,197,38,-1,-1,-1,-1
2456,317,197,38,-1,-1,-1,-1
2457,316,198,37,-1,-1,-1,-1
2458,316,198,37,-1,-1,-1,-1
2459,316,198,37,-1,-1,-1,-1
2460,316,196,36,-1,-1,-1,-1
2461,316,198,37,342,212,-1,-1
2462,316,198,37,344,204,-1,-1
2463,316,197,38,345,195,-1,-1
2464,316,197,38,343,185,-1,-1
2465,315,197,38,340,178,-1,-1
2466,317,197,38,334,170,-1,-1
2467,316,197,38,-1,-1,-1,-1
2468,316,198,37,-1,-1,-1,-1
2469,316,198,37,-1,-1,-1,-1
2470,316,198,38,-1,-1,-1,-1
2471,316,198,38,-1,-1,-1,-1
2472,316,198,38,-1,-1,-1,-1
2473,316,198,37,-1,-1,-1,-1
2474,316,198,39,-1,-1,348,194
2475,316,198,36,-1,-1,-1,-1
2476,316,198,39,-1,-1,-1,-1
2477,316,198,36,-1,-1,-1,-1
2478,317,200,37,-1,-1,-1,-1
2479,316,198,39,-1,-1,-1,-1
2480,316,198,37,-1,-1,-1,-1
2481,316,200,37,-1,-1,-1,-1
2482,316,200,37,-1,-1,-1,-1
2483,316,200,37,-1,-1,-1,-1
2484,316,200,37,-1,-1,-1,-1
2485,316,200,37,-1,-1,-1,-1
2486,316,201,39,344,213,-1,-1
2487,316,200,37,345,203,-1,-1
2488,316,200,39,346,195,-1,-1
2489,316,200,39,343,185,-1,-1
